id,name,birthday,gender,phone,address,avt,timezone,user_id
0,Huong,,Male,123456789,"34 đường Hai Bà Trưng, phường Linh Trung",http://hinhnenhd.com/wp-content/uploads/2021/08/Tai-ngay-avt-trang-fb-moi-nhat-dep-nhat-doc-dao-12.jpg,UTC,0
1,Phi,,Female,123456789,"01 Công xã Paris, Bến Nghé",http://hinhnenhd.com/wp-content/uploads/2021/08/Tai-ngay-avt-trang-fb-moi-nhat-dep-nhat-doc-dao-12.jpg,UTC,1
2,Nhat,,Female,123456789,"1/47 Bình Đường 1, An Bình",http://hinhnenhd.com/wp-content/uploads/2021/08/Tai-ngay-avt-trang-fb-moi-nhat-dep-nhat-doc-dao-12.jpg,UTC,2
3,Hoang,,Female,123456789,"Lê Hồng Phong, khu phố Đông Chiêu",http://hinhnenhd.com/wp-content/uploads/2021/08/Tai-ngay-avt-trang-fb-moi-nhat-dep-nhat-doc-dao-12.jpg,UTC,3
4,Kien,,Female,123456789,"214 Phước Tân, Bình Tân",http://hinhnenhd.com/wp-content/uploads/2021/08/Tai-ngay-avt-trang-fb-moi-nhat-dep-nhat-doc-dao-12.jpg,UTC,4
5,Trang,,Female,123456789,"Tô Vĩnh Diện, Đường Đ. Mạc Đĩnh Chi, Đông Hoà",http://hinhnenhd.com/wp-content/uploads/2021/08/Tai-ngay-avt-trang-fb-moi-nhat-dep-nhat-doc-dao-12.jpg,UTC,5
6,Ngan,,Female,123456789,"Q4W3+V2C, Nhân Vũ",http://hinhnenhd.com/wp-content/uploads/2021/08/Tai-ngay-avt-trang-fb-moi-nhat-dep-nhat-doc-dao-12.jpg,UTC,6
7,My,,Female,123456789,"121 Dư Hàng, Hồ Nam",http://hinhnenhd.com/wp-content/uploads/2021/08/Tai-ngay-avt-trang-fb-moi-nhat-dep-nhat-doc-dao-12.jpg,UTC,7
8,Hung,,Female,123456789,"23RV+9RR, Unnamed Road",http://hinhnenhd.com/wp-content/uploads/2021/08/Tai-ngay-avt-trang-fb-moi-nhat-dep-nhat-doc-dao-12.jpg,UTC,8
9,Anh,,Female,123456789,"02 đường D5, Phường Phước Mỹ,  Mỹ Sơn",http://hinhnenhd.com/wp-content/uploads/2021/08/Tai-ngay-avt-trang-fb-moi-nhat-dep-nhat-doc-dao-12.jpg,UTC,9
10,Diem,,Female,123456789,"5949+4XR, ĐT722, Đa M'Rong",http://hinhnenhd.com/wp-content/uploads/2021/08/Tai-ngay-avt-trang-fb-moi-nhat-dep-nhat-doc-dao-12.jpg,UTC,10
11,Trinh,,Female,123456789,"7J74+9J7, QL14, Tổ 1",http://hinhnenhd.com/wp-content/uploads/2021/08/Tai-ngay-avt-trang-fb-moi-nhat-dep-nhat-doc-dao-12.jpg,UTC,11
12,Son,,Female,123456789,37V7+GQ4,http://hinhnenhd.com/wp-content/uploads/2021/08/Tai-ngay-avt-trang-fb-moi-nhat-dep-nhat-doc-dao-12.jpg,UTC,12
13,Hien,,Female,123456789,"35, Unnamed Road, Mỹ Quý Đông",http://hinhnenhd.com/wp-content/uploads/2021/08/Tai-ngay-avt-trang-fb-moi-nhat-dep-nhat-doc-dao-12.jpg,UTC,13
14,Luong,,Female,123456789,"45, Thạnh Hoà",http://hinhnenhd.com/wp-content/uploads/2021/08/Tai-ngay-avt-trang-fb-moi-nhat-dep-nhat-doc-dao-12.jpg,UTC,14
15,Nam,,Female,123456789,"QL1A, Hoằng Quý",http://hinhnenhd.com/wp-content/uploads/2021/08/Tai-ngay-avt-trang-fb-moi-nhat-dep-nhat-doc-dao-12.jpg,UTC,15
16,Lam,,Female,123456789,"90 QL217, Vĩnh Tiến",http://hinhnenhd.com/wp-content/uploads/2021/08/Tai-ngay-avt-trang-fb-moi-nhat-dep-nhat-doc-dao-12.jpg,UTC,16
17,Trung,,Female,123456789,"ĐT545, Nghĩa Tiến",http://hinhnenhd.com/wp-content/uploads/2021/08/Tai-ngay-avt-trang-fb-moi-nhat-dep-nhat-doc-dao-12.jpg,UTC,17
18,Han,,Female,123456789,"Giáo xứ Lai Ổn, Ấp Lộ Đức, Xã, Hố Nai 3",http://hinhnenhd.com/wp-content/uploads/2021/08/Tai-ngay-avt-trang-fb-moi-nhat-dep-nhat-doc-dao-12.jpg,UTC,18
19,Nguyen,,Female,123456789,"1 kiệt, 29 Hùng Vương",http://hinhnenhd.com/wp-content/uploads/2021/08/Tai-ngay-avt-trang-fb-moi-nhat-dep-nhat-doc-dao-12.jpg,UTC,19
20,Duc,,Female,123456789,30 Trường Chinh,http://hinhnenhd.com/wp-content/uploads/2021/08/Tai-ngay-avt-trang-fb-moi-nhat-dep-nhat-doc-dao-12.jpg,UTC,20
21,Huong,,Female,123456789,"3494+9MX, Âu Cơ, Hoà Sơn",http://hinhnenhd.com/wp-content/uploads/2021/08/Tai-ngay-avt-trang-fb-moi-nhat-dep-nhat-doc-dao-12.jpg,UTC,21
22,Phi,,Male,123456789,34A Huỳnh Phan Hộ,http://hinhnenhd.com/wp-content/uploads/2021/08/Tai-ngay-avt-trang-fb-moi-nhat-dep-nhat-doc-dao-12.jpg,UTC,22
23,Nhat,,Male,123456789,01 Đường Tạ An Khương,http://hinhnenhd.com/wp-content/uploads/2021/08/Tai-ngay-avt-trang-fb-moi-nhat-dep-nhat-doc-dao-12.jpg,UTC,23
24,Hoang,,Male,123456789,"136C ĐT827, Khu phố Bình",http://hinhnenhd.com/wp-content/uploads/2021/08/Tai-ngay-avt-trang-fb-moi-nhat-dep-nhat-doc-dao-12.jpg,UTC,24
25,Kien,,Male,123456789,155 ấp An Lợi,http://hinhnenhd.com/wp-content/uploads/2021/08/Tai-ngay-avt-trang-fb-moi-nhat-dep-nhat-doc-dao-12.jpg,UTC,25
26,Trang,,Male,123456789,199a Tam Thanh,http://hinhnenhd.com/wp-content/uploads/2021/08/Tai-ngay-avt-trang-fb-moi-nhat-dep-nhat-doc-dao-12.jpg,UTC,26
27,Ngan,,Male,123456789,"MXMH+47X, Ea Nuôi",http://hinhnenhd.com/wp-content/uploads/2021/08/Tai-ngay-avt-trang-fb-moi-nhat-dep-nhat-doc-dao-12.jpg,UTC,27
28,My,,Male,123456789,"Unnamed Road, Lương Sơn",http://hinhnenhd.com/wp-content/uploads/2021/08/Tai-ngay-avt-trang-fb-moi-nhat-dep-nhat-doc-dao-12.jpg,UTC,28
29,Hung,,Male,123456789,"PVV3+VXF, Hướng Hiệp",http://hinhnenhd.com/wp-content/uploads/2021/08/Tai-ngay-avt-trang-fb-moi-nhat-dep-nhat-doc-dao-12.jpg,UTC,29
30,Anh,,Male,123456789,"FW8V+75C, Phước Hiệp",http://hinhnenhd.com/wp-content/uploads/2021/08/Tai-ngay-avt-trang-fb-moi-nhat-dep-nhat-doc-dao-12.jpg,UTC,30
31,Diem,,Male,123456789,"Kinh số 3, ấp Bùng Binh, Hòa Khánh Tây",http://hinhnenhd.com/wp-content/uploads/2021/08/Tai-ngay-avt-trang-fb-moi-nhat-dep-nhat-doc-dao-12.jpg,UTC,31
32,Trinh,,Male,123456789,"242 Nguyễn Văn Lượng, Phường 10",http://hinhnenhd.com/wp-content/uploads/2021/08/Tai-ngay-avt-trang-fb-moi-nhat-dep-nhat-doc-dao-12.jpg,UTC,32
33,Son,,Male,123456789,"34 đường Hai Bà Trưng, phường Linh Trung",http://hinhnenhd.com/wp-content/uploads/2021/08/Tai-ngay-avt-trang-fb-moi-nhat-dep-nhat-doc-dao-12.jpg,UTC,33
34,Hien,,Male,123456789,"01 Công xã Paris, Bến Nghé",http://hinhnenhd.com/wp-content/uploads/2021/08/Tai-ngay-avt-trang-fb-moi-nhat-dep-nhat-doc-dao-12.jpg,UTC,34
35,Luong,,Male,123456789,"1/47 Bình Đường 1, An Bình",http://hinhnenhd.com/wp-content/uploads/2021/08/Tai-ngay-avt-trang-fb-moi-nhat-dep-nhat-doc-dao-12.jpg,UTC,35
36,Nam,,Male,123456789,"Lê Hồng Phong, khu phố Đông Chiêu",http://hinhnenhd.com/wp-content/uploads/2021/08/Tai-ngay-avt-trang-fb-moi-nhat-dep-nhat-doc-dao-12.jpg,UTC,36
37,Lam,,Male,123456789,"214 Phước Tân, Bình Tân",http://hinhnenhd.com/wp-content/uploads/2021/08/Tai-ngay-avt-trang-fb-moi-nhat-dep-nhat-doc-dao-12.jpg,UTC,37
38,Trung,,Male,123456789,"Tô Vĩnh Diện, Đường Đ. Mạc Đĩnh Chi, Đông Hoà",http://hinhnenhd.com/wp-content/uploads/2021/08/Tai-ngay-avt-trang-fb-moi-nhat-dep-nhat-doc-dao-12.jpg,UTC,38
39,Han,,Male,123456789,"Q4W3+V2C, Nhân Vũ",http://hinhnenhd.com/wp-content/uploads/2021/08/Tai-ngay-avt-trang-fb-moi-nhat-dep-nhat-doc-dao-12.jpg,UTC,39
40,Nguyen,,Male,123456789,"121 Dư Hàng, Hồ Nam",http://hinhnenhd.com/wp-content/uploads/2021/08/Tai-ngay-avt-trang-fb-moi-nhat-dep-nhat-doc-dao-12.jpg,UTC,40
41,Duc,,Male,123456789,"23RV+9RR, Unnamed Road",http://hinhnenhd.com/wp-content/uploads/2021/08/Tai-ngay-avt-trang-fb-moi-nhat-dep-nhat-doc-dao-12.jpg,UTC,41
42,Huong,,Male,123456789,"02 đường D5, Phường Phước Mỹ,  Mỹ Sơn",http://hinhnenhd.com/wp-content/uploads/2021/08/Tai-ngay-avt-trang-fb-moi-nhat-dep-nhat-doc-dao-12.jpg,UTC,42
43,Phi,,Male,123456789,"5949+4XR, ĐT722, Đa M'Rong",http://hinhnenhd.com/wp-content/uploads/2021/08/Tai-ngay-avt-trang-fb-moi-nhat-dep-nhat-doc-dao-12.jpg,UTC,43
44,Nhat,,Male,123456789,"7J74+9J7, QL14, Tổ 1",http://hinhnenhd.com/wp-content/uploads/2021/08/Tai-ngay-avt-trang-fb-moi-nhat-dep-nhat-doc-dao-12.jpg,UTC,44
45,Hoang,,Male,123456789,37V7+GQ4,http://hinhnenhd.com/wp-content/uploads/2021/08/Tai-ngay-avt-trang-fb-moi-nhat-dep-nhat-doc-dao-12.jpg,UTC,45
46,Kien,,Male,123456789,"35, Unnamed Road, Mỹ Quý Đông",http://hinhnenhd.com/wp-content/uploads/2021/08/Tai-ngay-avt-trang-fb-moi-nhat-dep-nhat-doc-dao-12.jpg,UTC,46
47,Trang,,Male,123456789,"45, Thạnh Hoà",http://hinhnenhd.com/wp-content/uploads/2021/08/Tai-ngay-avt-trang-fb-moi-nhat-dep-nhat-doc-dao-12.jpg,UTC,47
48,Ngan,,Male,123456789,"QL1A, Hoằng Quý",http://hinhnenhd.com/wp-content/uploads/2021/08/Tai-ngay-avt-trang-fb-moi-nhat-dep-nhat-doc-dao-12.jpg,UTC,48
49,My,,Male,123456789,"90 QL217, Vĩnh Tiến",http://hinhnenhd.com/wp-content/uploads/2021/08/Tai-ngay-avt-trang-fb-moi-nhat-dep-nhat-doc-dao-12.jpg,UTC,49
50,Hung,,Male,123456789,"ĐT545, Nghĩa Tiến",http://hinhnenhd.com/wp-content/uploads/2021/08/Tai-ngay-avt-trang-fb-moi-nhat-dep-nhat-doc-dao-12.jpg,UTC,50
51,Anh,,Male,123456789,"Giáo xứ Lai Ổn, Ấp Lộ Đức, Xã, Hố Nai 3",http://hinhnenhd.com/wp-content/uploads/2021/08/Tai-ngay-avt-trang-fb-moi-nhat-dep-nhat-doc-dao-12.jpg,UTC,51
52,Diem,,Male,123456789,"1 kiệt, 29 Hùng Vương",http://hinhnenhd.com/wp-content/uploads/2021/08/Tai-ngay-avt-trang-fb-moi-nhat-dep-nhat-doc-dao-12.jpg,UTC,52
53,Trinh,,Male,123456789,30 Trường Chinh,http://hinhnenhd.com/wp-content/uploads/2021/08/Tai-ngay-avt-trang-fb-moi-nhat-dep-nhat-doc-dao-12.jpg,UTC,53
54,Son,,Male,123456789,"3494+9MX, Âu Cơ, Hoà Sơn",http://hinhnenhd.com/wp-content/uploads/2021/08/Tai-ngay-avt-trang-fb-moi-nhat-dep-nhat-doc-dao-12.jpg,UTC,54
55,Hien,,Male,123456789,34A Huỳnh Phan Hộ,http://hinhnenhd.com/wp-content/uploads/2021/08/Tai-ngay-avt-trang-fb-moi-nhat-dep-nhat-doc-dao-12.jpg,UTC,55
56,Luong,,Male,123456789,01 Đường Tạ An Khương,http://hinhnenhd.com/wp-content/uploads/2021/08/Tai-ngay-avt-trang-fb-moi-nhat-dep-nhat-doc-dao-12.jpg,UTC,56
57,Nam,,Male,123456789,"136C ĐT827, Khu phố Bình",http://hinhnenhd.com/wp-content/uploads/2021/08/Tai-ngay-avt-trang-fb-moi-nhat-dep-nhat-doc-dao-12.jpg,UTC,57
58,Lam,,Male,123456789,155 ấp An Lợi,http://hinhnenhd.com/wp-content/uploads/2021/08/Tai-ngay-avt-trang-fb-moi-nhat-dep-nhat-doc-dao-12.jpg,UTC,58
59,Trung,,Male,123456789,199a Tam Thanh,http://hinhnenhd.com/wp-content/uploads/2021/08/Tai-ngay-avt-trang-fb-moi-nhat-dep-nhat-doc-dao-12.jpg,UTC,59
60,Han,,Male,123456789,"MXMH+47X, Ea Nuôi",http://hinhnenhd.com/wp-content/uploads/2021/08/Tai-ngay-avt-trang-fb-moi-nhat-dep-nhat-doc-dao-12.jpg,UTC,60
61,Nguyen,,Male,123456789,"Unnamed Road, Lương Sơn",http://hinhnenhd.com/wp-content/uploads/2021/08/Tai-ngay-avt-trang-fb-moi-nhat-dep-nhat-doc-dao-12.jpg,UTC,61
62,Duc,,Male,123456789,"PVV3+VXF, Hướng Hiệp",http://hinhnenhd.com/wp-content/uploads/2021/08/Tai-ngay-avt-trang-fb-moi-nhat-dep-nhat-doc-dao-12.jpg,UTC,62
63,Huong,,Male,123456789,"FW8V+75C, Phước Hiệp",http://hinhnenhd.com/wp-content/uploads/2021/08/Tai-ngay-avt-trang-fb-moi-nhat-dep-nhat-doc-dao-12.jpg,UTC,63
64,Phi,,Male,123456789,"Kinh số 3, ấp Bùng Binh, Hòa Khánh Tây",http://hinhnenhd.com/wp-content/uploads/2021/08/Tai-ngay-avt-trang-fb-moi-nhat-dep-nhat-doc-dao-12.jpg,UTC,64
65,Nhat,,Male,123456789,"242 Nguyễn Văn Lượng, Phường 10",http://hinhnenhd.com/wp-content/uploads/2021/08/Tai-ngay-avt-trang-fb-moi-nhat-dep-nhat-doc-dao-12.jpg,UTC,65
66,Hoang,,Male,123456789,"34 đường Hai Bà Trưng, phường Linh Trung",http://hinhnenhd.com/wp-content/uploads/2021/08/Tai-ngay-avt-trang-fb-moi-nhat-dep-nhat-doc-dao-12.jpg,UTC,66
67,Kien,,Male,123456789,"01 Công xã Paris, Bến Nghé",http://hinhnenhd.com/wp-content/uploads/2021/08/Tai-ngay-avt-trang-fb-moi-nhat-dep-nhat-doc-dao-12.jpg,UTC,67
68,Trang,,Male,123456789,"1/47 Bình Đường 1, An Bình",http://hinhnenhd.com/wp-content/uploads/2021/08/Tai-ngay-avt-trang-fb-moi-nhat-dep-nhat-doc-dao-12.jpg,UTC,68
69,Ngan,,Male,123456789,"Lê Hồng Phong, khu phố Đông Chiêu",http://hinhnenhd.com/wp-content/uploads/2021/08/Tai-ngay-avt-trang-fb-moi-nhat-dep-nhat-doc-dao-12.jpg,UTC,69
70,My,,Male,123456789,"214 Phước Tân, Bình Tân",http://hinhnenhd.com/wp-content/uploads/2021/08/Tai-ngay-avt-trang-fb-moi-nhat-dep-nhat-doc-dao-12.jpg,UTC,70
71,Hung,,Male,123456789,"Tô Vĩnh Diện, Đường Đ. Mạc Đĩnh Chi, Đông Hoà",http://hinhnenhd.com/wp-content/uploads/2021/08/Tai-ngay-avt-trang-fb-moi-nhat-dep-nhat-doc-dao-12.jpg,UTC,71
72,Anh,,Male,123456789,"Q4W3+V2C, Nhân Vũ",http://hinhnenhd.com/wp-content/uploads/2021/08/Tai-ngay-avt-trang-fb-moi-nhat-dep-nhat-doc-dao-12.jpg,UTC,72
73,Diem,,Male,123456789,"121 Dư Hàng, Hồ Nam",http://hinhnenhd.com/wp-content/uploads/2021/08/Tai-ngay-avt-trang-fb-moi-nhat-dep-nhat-doc-dao-12.jpg,UTC,73
74,Trinh,,Male,123456789,"23RV+9RR, Unnamed Road",http://hinhnenhd.com/wp-content/uploads/2021/08/Tai-ngay-avt-trang-fb-moi-nhat-dep-nhat-doc-dao-12.jpg,UTC,74
75,Son,,Male,123456789,"02 đường D5, Phường Phước Mỹ,  Mỹ Sơn",http://hinhnenhd.com/wp-content/uploads/2021/08/Tai-ngay-avt-trang-fb-moi-nhat-dep-nhat-doc-dao-12.jpg,UTC,75
76,Hien,,Male,123456789,"5949+4XR, ĐT722, Đa M'Rong",http://hinhnenhd.com/wp-content/uploads/2021/08/Tai-ngay-avt-trang-fb-moi-nhat-dep-nhat-doc-dao-12.jpg,UTC,76
77,Luong,,Male,123456789,"7J74+9J7, QL14, Tổ 1",http://hinhnenhd.com/wp-content/uploads/2021/08/Tai-ngay-avt-trang-fb-moi-nhat-dep-nhat-doc-dao-12.jpg,UTC,77
78,Nam,,Male,123456789,37V7+GQ4,http://hinhnenhd.com/wp-content/uploads/2021/08/Tai-ngay-avt-trang-fb-moi-nhat-dep-nhat-doc-dao-12.jpg,UTC,78
79,Lam,,Male,123456789,"35, Unnamed Road, Mỹ Quý Đông",http://hinhnenhd.com/wp-content/uploads/2021/08/Tai-ngay-avt-trang-fb-moi-nhat-dep-nhat-doc-dao-12.jpg,UTC,79
80,Trung,,Male,123456789,"45, Thạnh Hoà",http://hinhnenhd.com/wp-content/uploads/2021/08/Tai-ngay-avt-trang-fb-moi-nhat-dep-nhat-doc-dao-12.jpg,UTC,80
81,Han,,Male,123456789,"QL1A, Hoằng Quý",http://hinhnenhd.com/wp-content/uploads/2021/08/Tai-ngay-avt-trang-fb-moi-nhat-dep-nhat-doc-dao-12.jpg,UTC,81
82,Nguyen,,Male,123456789,"90 QL217, Vĩnh Tiến",http://hinhnenhd.com/wp-content/uploads/2021/08/Tai-ngay-avt-trang-fb-moi-nhat-dep-nhat-doc-dao-12.jpg,UTC,82
83,Duc,,Male,123456789,"ĐT545, Nghĩa Tiến",http://hinhnenhd.com/wp-content/uploads/2021/08/Tai-ngay-avt-trang-fb-moi-nhat-dep-nhat-doc-dao-12.jpg,UTC,83
84,Huong,,Male,123456789,"Giáo xứ Lai Ổn, Ấp Lộ Đức, Xã, Hố Nai 3",http://hinhnenhd.com/wp-content/uploads/2021/08/Tai-ngay-avt-trang-fb-moi-nhat-dep-nhat-doc-dao-12.jpg,UTC,84
85,Phi,,Male,123456789,"1 kiệt, 29 Hùng Vương",http://hinhnenhd.com/wp-content/uploads/2021/08/Tai-ngay-avt-trang-fb-moi-nhat-dep-nhat-doc-dao-12.jpg,UTC,85
86,Nhat,,Male,123456789,30 Trường Chinh,http://hinhnenhd.com/wp-content/uploads/2021/08/Tai-ngay-avt-trang-fb-moi-nhat-dep-nhat-doc-dao-12.jpg,UTC,86
87,Hoang,,Male,123456789,"3494+9MX, Âu Cơ, Hoà Sơn",http://hinhnenhd.com/wp-content/uploads/2021/08/Tai-ngay-avt-trang-fb-moi-nhat-dep-nhat-doc-dao-12.jpg,UTC,87
88,Kien,,Male,123456789,34A Huỳnh Phan Hộ,http://hinhnenhd.com/wp-content/uploads/2021/08/Tai-ngay-avt-trang-fb-moi-nhat-dep-nhat-doc-dao-12.jpg,UTC,88
89,Trang,,Male,123456789,01 Đường Tạ An Khương,http://hinhnenhd.com/wp-content/uploads/2021/08/Tai-ngay-avt-trang-fb-moi-nhat-dep-nhat-doc-dao-12.jpg,UTC,89
90,Ngan,,Male,123456789,"136C ĐT827, Khu phố Bình",http://hinhnenhd.com/wp-content/uploads/2021/08/Tai-ngay-avt-trang-fb-moi-nhat-dep-nhat-doc-dao-12.jpg,UTC,90
91,My,,Male,123456789,155 ấp An Lợi,http://hinhnenhd.com/wp-content/uploads/2021/08/Tai-ngay-avt-trang-fb-moi-nhat-dep-nhat-doc-dao-12.jpg,UTC,91
92,Hung,,Male,123456789,199a Tam Thanh,http://hinhnenhd.com/wp-content/uploads/2021/08/Tai-ngay-avt-trang-fb-moi-nhat-dep-nhat-doc-dao-12.jpg,UTC,92
93,Anh,,Male,123456789,"MXMH+47X, Ea Nuôi",http://hinhnenhd.com/wp-content/uploads/2021/08/Tai-ngay-avt-trang-fb-moi-nhat-dep-nhat-doc-dao-12.jpg,UTC,93
94,Diem,,Male,123456789,"Unnamed Road, Lương Sơn",http://hinhnenhd.com/wp-content/uploads/2021/08/Tai-ngay-avt-trang-fb-moi-nhat-dep-nhat-doc-dao-12.jpg,UTC,94
95,Trinh,,Male,123456789,"PVV3+VXF, Hướng Hiệp",http://hinhnenhd.com/wp-content/uploads/2021/08/Tai-ngay-avt-trang-fb-moi-nhat-dep-nhat-doc-dao-12.jpg,UTC,95
96,Son,,Male,123456789,"FW8V+75C, Phước Hiệp",http://hinhnenhd.com/wp-content/uploads/2021/08/Tai-ngay-avt-trang-fb-moi-nhat-dep-nhat-doc-dao-12.jpg,UTC,96
97,Hien,,Male,123456789,"Kinh số 3, ấp Bùng Binh, Hòa Khánh Tây",http://hinhnenhd.com/wp-content/uploads/2021/08/Tai-ngay-avt-trang-fb-moi-nhat-dep-nhat-doc-dao-12.jpg,UTC,97
98,Luong,,Male,123456789,"242 Nguyễn Văn Lượng, Phường 10",http://hinhnenhd.com/wp-content/uploads/2021/08/Tai-ngay-avt-trang-fb-moi-nhat-dep-nhat-doc-dao-12.jpg,UTC,98
99,Nam,,Male,123456789,"34 đường Hai Bà Trưng, phường Linh Trung",http://hinhnenhd.com/wp-content/uploads/2021/08/Tai-ngay-avt-trang-fb-moi-nhat-dep-nhat-doc-dao-12.jpg,UTC,99
100,Lam,,Male,123456789,"01 Công xã Paris, Bến Nghé",http://hinhnenhd.com/wp-content/uploads/2021/08/Tai-ngay-avt-trang-fb-moi-nhat-dep-nhat-doc-dao-12.jpg,UTC,100
101,Trung,,Male,123456789,"1/47 Bình Đường 1, An Bình",http://hinhnenhd.com/wp-content/uploads/2021/08/Tai-ngay-avt-trang-fb-moi-nhat-dep-nhat-doc-dao-12.jpg,UTC,101
102,Han,,Male,123456789,"Lê Hồng Phong, khu phố Đông Chiêu",http://hinhnenhd.com/wp-content/uploads/2021/08/Tai-ngay-avt-trang-fb-moi-nhat-dep-nhat-doc-dao-12.jpg,UTC,102
103,Nguyen,,Male,123456789,"214 Phước Tân, Bình Tân",http://hinhnenhd.com/wp-content/uploads/2021/08/Tai-ngay-avt-trang-fb-moi-nhat-dep-nhat-doc-dao-12.jpg,UTC,103
104,Duc,,Male,123456789,"Tô Vĩnh Diện, Đường Đ. Mạc Đĩnh Chi, Đông Hoà",http://hinhnenhd.com/wp-content/uploads/2021/08/Tai-ngay-avt-trang-fb-moi-nhat-dep-nhat-doc-dao-12.jpg,UTC,104
105,Huong,,Male,123456789,"Q4W3+V2C, Nhân Vũ",http://hinhnenhd.com/wp-content/uploads/2021/08/Tai-ngay-avt-trang-fb-moi-nhat-dep-nhat-doc-dao-12.jpg,UTC,105
106,Phi,,Male,123456789,"121 Dư Hàng, Hồ Nam",http://hinhnenhd.com/wp-content/uploads/2021/08/Tai-ngay-avt-trang-fb-moi-nhat-dep-nhat-doc-dao-12.jpg,UTC,106
107,Nhat,,Male,123456789,"23RV+9RR, Unnamed Road",http://hinhnenhd.com/wp-content/uploads/2021/08/Tai-ngay-avt-trang-fb-moi-nhat-dep-nhat-doc-dao-12.jpg,UTC,107
108,Hoang,,Male,123456789,"02 đường D5, Phường Phước Mỹ,  Mỹ Sơn",http://hinhnenhd.com/wp-content/uploads/2021/08/Tai-ngay-avt-trang-fb-moi-nhat-dep-nhat-doc-dao-12.jpg,UTC,108
109,Kien,,Male,123456789,"5949+4XR, ĐT722, Đa M'Rong",http://hinhnenhd.com/wp-content/uploads/2021/08/Tai-ngay-avt-trang-fb-moi-nhat-dep-nhat-doc-dao-12.jpg,UTC,109
110,Trang,,Male,123456789,"7J74+9J7, QL14, Tổ 1",http://hinhnenhd.com/wp-content/uploads/2021/08/Tai-ngay-avt-trang-fb-moi-nhat-dep-nhat-doc-dao-12.jpg,UTC,110
111,Ngan,,Male,123456789,37V7+GQ4,http://hinhnenhd.com/wp-content/uploads/2021/08/Tai-ngay-avt-trang-fb-moi-nhat-dep-nhat-doc-dao-12.jpg,UTC,111
112,My,,Male,123456789,"35, Unnamed Road, Mỹ Quý Đông",http://hinhnenhd.com/wp-content/uploads/2021/08/Tai-ngay-avt-trang-fb-moi-nhat-dep-nhat-doc-dao-12.jpg,UTC,112
113,Hung,,Male,123456789,"45, Thạnh Hoà",http://hinhnenhd.com/wp-content/uploads/2021/08/Tai-ngay-avt-trang-fb-moi-nhat-dep-nhat-doc-dao-12.jpg,UTC,113
114,Anh,,Male,123456789,"QL1A, Hoằng Quý",http://hinhnenhd.com/wp-content/uploads/2021/08/Tai-ngay-avt-trang-fb-moi-nhat-dep-nhat-doc-dao-12.jpg,UTC,114
115,Diem,,Male,123456789,"90 QL217, Vĩnh Tiến",http://hinhnenhd.com/wp-content/uploads/2021/08/Tai-ngay-avt-trang-fb-moi-nhat-dep-nhat-doc-dao-12.jpg,UTC,115
116,Trinh,,Male,123456789,"ĐT545, Nghĩa Tiến",http://hinhnenhd.com/wp-content/uploads/2021/08/Tai-ngay-avt-trang-fb-moi-nhat-dep-nhat-doc-dao-12.jpg,UTC,116
117,Son,,Male,123456789,"Giáo xứ Lai Ổn, Ấp Lộ Đức, Xã, Hố Nai 3",http://hinhnenhd.com/wp-content/uploads/2021/08/Tai-ngay-avt-trang-fb-moi-nhat-dep-nhat-doc-dao-12.jpg,UTC,117
118,Hien,,Male,123456789,"1 kiệt, 29 Hùng Vương",http://hinhnenhd.com/wp-content/uploads/2021/08/Tai-ngay-avt-trang-fb-moi-nhat-dep-nhat-doc-dao-12.jpg,UTC,118
119,Luong,,Male,123456789,30 Trường Chinh,http://hinhnenhd.com/wp-content/uploads/2021/08/Tai-ngay-avt-trang-fb-moi-nhat-dep-nhat-doc-dao-12.jpg,UTC,119
120,Nam,,Male,123456789,"3494+9MX, Âu Cơ, Hoà Sơn",http://hinhnenhd.com/wp-content/uploads/2021/08/Tai-ngay-avt-trang-fb-moi-nhat-dep-nhat-doc-dao-12.jpg,UTC,120
121,Lam,,Male,123456789,34A Huỳnh Phan Hộ,http://hinhnenhd.com/wp-content/uploads/2021/08/Tai-ngay-avt-trang-fb-moi-nhat-dep-nhat-doc-dao-12.jpg,UTC,121
122,Trung,,Male,123456789,01 Đường Tạ An Khương,http://hinhnenhd.com/wp-content/uploads/2021/08/Tai-ngay-avt-trang-fb-moi-nhat-dep-nhat-doc-dao-12.jpg,UTC,122
123,Han,,Male,123456789,"136C ĐT827, Khu phố Bình",http://hinhnenhd.com/wp-content/uploads/2021/08/Tai-ngay-avt-trang-fb-moi-nhat-dep-nhat-doc-dao-12.jpg,UTC,123
124,Nguyen,,Male,123456789,155 ấp An Lợi,http://hinhnenhd.com/wp-content/uploads/2021/08/Tai-ngay-avt-trang-fb-moi-nhat-dep-nhat-doc-dao-12.jpg,UTC,124
125,Duc,,Male,123456789,199a Tam Thanh,http://hinhnenhd.com/wp-content/uploads/2021/08/Tai-ngay-avt-trang-fb-moi-nhat-dep-nhat-doc-dao-12.jpg,UTC,125
126,Huong,,Male,123456789,"MXMH+47X, Ea Nuôi",http://hinhnenhd.com/wp-content/uploads/2021/08/Tai-ngay-avt-trang-fb-moi-nhat-dep-nhat-doc-dao-12.jpg,UTC,126
127,Phi,,Male,123456789,"Unnamed Road, Lương Sơn",http://hinhnenhd.com/wp-content/uploads/2021/08/Tai-ngay-avt-trang-fb-moi-nhat-dep-nhat-doc-dao-12.jpg,UTC,127
128,Nhat,,Male,123456789,"PVV3+VXF, Hướng Hiệp",http://hinhnenhd.com/wp-content/uploads/2021/08/Tai-ngay-avt-trang-fb-moi-nhat-dep-nhat-doc-dao-12.jpg,UTC,128
129,Hoang,,Male,123456789,"FW8V+75C, Phước Hiệp",http://hinhnenhd.com/wp-content/uploads/2021/08/Tai-ngay-avt-trang-fb-moi-nhat-dep-nhat-doc-dao-12.jpg,UTC,129
130,Kien,,Male,123456789,"Kinh số 3, ấp Bùng Binh, Hòa Khánh Tây",http://hinhnenhd.com/wp-content/uploads/2021/08/Tai-ngay-avt-trang-fb-moi-nhat-dep-nhat-doc-dao-12.jpg,UTC,130
131,Trang,,Male,123456789,"242 Nguyễn Văn Lượng, Phường 10",http://hinhnenhd.com/wp-content/uploads/2021/08/Tai-ngay-avt-trang-fb-moi-nhat-dep-nhat-doc-dao-12.jpg,UTC,131
132,Ngan,,Male,123456789,"34 đường Hai Bà Trưng, phường Linh Trung",http://hinhnenhd.com/wp-content/uploads/2021/08/Tai-ngay-avt-trang-fb-moi-nhat-dep-nhat-doc-dao-12.jpg,UTC,132
133,My,,Male,123456789,"01 Công xã Paris, Bến Nghé",http://hinhnenhd.com/wp-content/uploads/2021/08/Tai-ngay-avt-trang-fb-moi-nhat-dep-nhat-doc-dao-12.jpg,UTC,133
134,Hung,,Male,123456789,"1/47 Bình Đường 1, An Bình",http://hinhnenhd.com/wp-content/uploads/2021/08/Tai-ngay-avt-trang-fb-moi-nhat-dep-nhat-doc-dao-12.jpg,UTC,134
135,Anh,,Male,123456789,"Lê Hồng Phong, khu phố Đông Chiêu",http://hinhnenhd.com/wp-content/uploads/2021/08/Tai-ngay-avt-trang-fb-moi-nhat-dep-nhat-doc-dao-12.jpg,UTC,135
136,Diem,,Male,123456789,"214 Phước Tân, Bình Tân",http://hinhnenhd.com/wp-content/uploads/2021/08/Tai-ngay-avt-trang-fb-moi-nhat-dep-nhat-doc-dao-12.jpg,UTC,136
137,Trinh,,Male,123456789,"Tô Vĩnh Diện, Đường Đ. Mạc Đĩnh Chi, Đông Hoà",http://hinhnenhd.com/wp-content/uploads/2021/08/Tai-ngay-avt-trang-fb-moi-nhat-dep-nhat-doc-dao-12.jpg,UTC,137
138,Son,,Male,123456789,"Q4W3+V2C, Nhân Vũ",http://hinhnenhd.com/wp-content/uploads/2021/08/Tai-ngay-avt-trang-fb-moi-nhat-dep-nhat-doc-dao-12.jpg,UTC,138
139,Hien,,Male,123456789,"121 Dư Hàng, Hồ Nam",http://hinhnenhd.com/wp-content/uploads/2021/08/Tai-ngay-avt-trang-fb-moi-nhat-dep-nhat-doc-dao-12.jpg,UTC,139
140,Luong,,Male,123456789,"23RV+9RR, Unnamed Road",http://hinhnenhd.com/wp-content/uploads/2021/08/Tai-ngay-avt-trang-fb-moi-nhat-dep-nhat-doc-dao-12.jpg,UTC,140
141,Nam,,Male,123456789,"02 đường D5, Phường Phước Mỹ,  Mỹ Sơn",http://hinhnenhd.com/wp-content/uploads/2021/08/Tai-ngay-avt-trang-fb-moi-nhat-dep-nhat-doc-dao-12.jpg,UTC,141
142,Lam,,Male,123456789,"5949+4XR, ĐT722, Đa M'Rong",http://hinhnenhd.com/wp-content/uploads/2021/08/Tai-ngay-avt-trang-fb-moi-nhat-dep-nhat-doc-dao-12.jpg,UTC,142
143,Trung,,Male,123456789,"7J74+9J7, QL14, Tổ 1",http://hinhnenhd.com/wp-content/uploads/2021/08/Tai-ngay-avt-trang-fb-moi-nhat-dep-nhat-doc-dao-12.jpg,UTC,143
144,Han,,Male,123456789,37V7+GQ4,http://hinhnenhd.com/wp-content/uploads/2021/08/Tai-ngay-avt-trang-fb-moi-nhat-dep-nhat-doc-dao-12.jpg,UTC,144
145,Nguyen,,Male,123456789,"35, Unnamed Road, Mỹ Quý Đông",http://hinhnenhd.com/wp-content/uploads/2021/08/Tai-ngay-avt-trang-fb-moi-nhat-dep-nhat-doc-dao-12.jpg,UTC,145
146,Duc,,Male,123456789,"45, Thạnh Hoà",http://hinhnenhd.com/wp-content/uploads/2021/08/Tai-ngay-avt-trang-fb-moi-nhat-dep-nhat-doc-dao-12.jpg,UTC,146
147,Huong,,Male,123456789,"QL1A, Hoằng Quý",http://hinhnenhd.com/wp-content/uploads/2021/08/Tai-ngay-avt-trang-fb-moi-nhat-dep-nhat-doc-dao-12.jpg,UTC,147
148,Phi,,Male,123456789,"90 QL217, Vĩnh Tiến",http://hinhnenhd.com/wp-content/uploads/2021/08/Tai-ngay-avt-trang-fb-moi-nhat-dep-nhat-doc-dao-12.jpg,UTC,148
149,Nhat,,Male,123456789,"ĐT545, Nghĩa Tiến",http://hinhnenhd.com/wp-content/uploads/2021/08/Tai-ngay-avt-trang-fb-moi-nhat-dep-nhat-doc-dao-12.jpg,UTC,149
150,Hoang,,Male,123456789,"Giáo xứ Lai Ổn, Ấp Lộ Đức, Xã, Hố Nai 3",http://hinhnenhd.com/wp-content/uploads/2021/08/Tai-ngay-avt-trang-fb-moi-nhat-dep-nhat-doc-dao-12.jpg,UTC,150
151,Kien,,Male,123456789,"1 kiệt, 29 Hùng Vương",http://hinhnenhd.com/wp-content/uploads/2021/08/Tai-ngay-avt-trang-fb-moi-nhat-dep-nhat-doc-dao-12.jpg,UTC,151
152,Trang,,Male,123456789,30 Trường Chinh,http://hinhnenhd.com/wp-content/uploads/2021/08/Tai-ngay-avt-trang-fb-moi-nhat-dep-nhat-doc-dao-12.jpg,UTC,152
153,Ngan,,Male,123456789,"3494+9MX, Âu Cơ, Hoà Sơn",http://hinhnenhd.com/wp-content/uploads/2021/08/Tai-ngay-avt-trang-fb-moi-nhat-dep-nhat-doc-dao-12.jpg,UTC,153
154,My,,Male,123456789,34A Huỳnh Phan Hộ,http://hinhnenhd.com/wp-content/uploads/2021/08/Tai-ngay-avt-trang-fb-moi-nhat-dep-nhat-doc-dao-12.jpg,UTC,154
155,Hung,,Male,123456789,01 Đường Tạ An Khương,http://hinhnenhd.com/wp-content/uploads/2021/08/Tai-ngay-avt-trang-fb-moi-nhat-dep-nhat-doc-dao-12.jpg,UTC,155
156,Anh,,Male,123456789,"136C ĐT827, Khu phố Bình",http://hinhnenhd.com/wp-content/uploads/2021/08/Tai-ngay-avt-trang-fb-moi-nhat-dep-nhat-doc-dao-12.jpg,UTC,156
157,Diem,,Male,123456789,155 ấp An Lợi,http://hinhnenhd.com/wp-content/uploads/2021/08/Tai-ngay-avt-trang-fb-moi-nhat-dep-nhat-doc-dao-12.jpg,UTC,157
158,Trinh,,Male,123456789,199a Tam Thanh,http://hinhnenhd.com/wp-content/uploads/2021/08/Tai-ngay-avt-trang-fb-moi-nhat-dep-nhat-doc-dao-12.jpg,UTC,158
159,Son,,Male,123456789,"MXMH+47X, Ea Nuôi",http://hinhnenhd.com/wp-content/uploads/2021/08/Tai-ngay-avt-trang-fb-moi-nhat-dep-nhat-doc-dao-12.jpg,UTC,159
160,Hien,,Male,123456789,"Unnamed Road, Lương Sơn",http://hinhnenhd.com/wp-content/uploads/2021/08/Tai-ngay-avt-trang-fb-moi-nhat-dep-nhat-doc-dao-12.jpg,UTC,160
161,Luong,,Male,123456789,"PVV3+VXF, Hướng Hiệp",http://hinhnenhd.com/wp-content/uploads/2021/08/Tai-ngay-avt-trang-fb-moi-nhat-dep-nhat-doc-dao-12.jpg,UTC,161
162,Nam,,Male,123456789,"FW8V+75C, Phước Hiệp",http://hinhnenhd.com/wp-content/uploads/2021/08/Tai-ngay-avt-trang-fb-moi-nhat-dep-nhat-doc-dao-12.jpg,UTC,162
163,Lam,,Male,123456789,"Kinh số 3, ấp Bùng Binh, Hòa Khánh Tây",http://hinhnenhd.com/wp-content/uploads/2021/08/Tai-ngay-avt-trang-fb-moi-nhat-dep-nhat-doc-dao-12.jpg,UTC,163
164,Trung,,Male,123456789,"242 Nguyễn Văn Lượng, Phường 10",http://hinhnenhd.com/wp-content/uploads/2021/08/Tai-ngay-avt-trang-fb-moi-nhat-dep-nhat-doc-dao-12.jpg,UTC,164
165,Han,,Male,123456789,"34 đường Hai Bà Trưng, phường Linh Trung",http://hinhnenhd.com/wp-content/uploads/2021/08/Tai-ngay-avt-trang-fb-moi-nhat-dep-nhat-doc-dao-12.jpg,UTC,165
166,Nguyen,,Male,123456789,"01 Công xã Paris, Bến Nghé",http://hinhnenhd.com/wp-content/uploads/2021/08/Tai-ngay-avt-trang-fb-moi-nhat-dep-nhat-doc-dao-12.jpg,UTC,166
167,Duc,,Male,123456789,"1/47 Bình Đường 1, An Bình",http://hinhnenhd.com/wp-content/uploads/2021/08/Tai-ngay-avt-trang-fb-moi-nhat-dep-nhat-doc-dao-12.jpg,UTC,167
168,Huong,,Male,123456789,"Lê Hồng Phong, khu phố Đông Chiêu",http://hinhnenhd.com/wp-content/uploads/2021/08/Tai-ngay-avt-trang-fb-moi-nhat-dep-nhat-doc-dao-12.jpg,UTC,168
169,Phi,,Male,123456789,"214 Phước Tân, Bình Tân",http://hinhnenhd.com/wp-content/uploads/2021/08/Tai-ngay-avt-trang-fb-moi-nhat-dep-nhat-doc-dao-12.jpg,UTC,169
170,Nhat,,Male,123456789,"Tô Vĩnh Diện, Đường Đ. Mạc Đĩnh Chi, Đông Hoà",http://hinhnenhd.com/wp-content/uploads/2021/08/Tai-ngay-avt-trang-fb-moi-nhat-dep-nhat-doc-dao-12.jpg,UTC,170
171,Hoang,,Male,123456789,"Q4W3+V2C, Nhân Vũ",http://hinhnenhd.com/wp-content/uploads/2021/08/Tai-ngay-avt-trang-fb-moi-nhat-dep-nhat-doc-dao-12.jpg,UTC,171
172,Kien,,Male,123456789,"121 Dư Hàng, Hồ Nam",http://hinhnenhd.com/wp-content/uploads/2021/08/Tai-ngay-avt-trang-fb-moi-nhat-dep-nhat-doc-dao-12.jpg,UTC,172
173,Trang,,Male,123456789,"23RV+9RR, Unnamed Road",http://hinhnenhd.com/wp-content/uploads/2021/08/Tai-ngay-avt-trang-fb-moi-nhat-dep-nhat-doc-dao-12.jpg,UTC,173
174,Ngan,,Male,123456789,"02 đường D5, Phường Phước Mỹ,  Mỹ Sơn",http://hinhnenhd.com/wp-content/uploads/2021/08/Tai-ngay-avt-trang-fb-moi-nhat-dep-nhat-doc-dao-12.jpg,UTC,174
175,My,,Male,123456789,"5949+4XR, ĐT722, Đa M'Rong",http://hinhnenhd.com/wp-content/uploads/2021/08/Tai-ngay-avt-trang-fb-moi-nhat-dep-nhat-doc-dao-12.jpg,UTC,175
176,Hung,,Male,123456789,"7J74+9J7, QL14, Tổ 1",http://hinhnenhd.com/wp-content/uploads/2021/08/Tai-ngay-avt-trang-fb-moi-nhat-dep-nhat-doc-dao-12.jpg,UTC,176
177,Anh,,Male,123456789,37V7+GQ4,http://hinhnenhd.com/wp-content/uploads/2021/08/Tai-ngay-avt-trang-fb-moi-nhat-dep-nhat-doc-dao-12.jpg,UTC,177
178,Diem,,Male,123456789,"35, Unnamed Road, Mỹ Quý Đông",http://hinhnenhd.com/wp-content/uploads/2021/08/Tai-ngay-avt-trang-fb-moi-nhat-dep-nhat-doc-dao-12.jpg,UTC,178
179,Trinh,,Male,123456789,"45, Thạnh Hoà",http://hinhnenhd.com/wp-content/uploads/2021/08/Tai-ngay-avt-trang-fb-moi-nhat-dep-nhat-doc-dao-12.jpg,UTC,179
180,Son,,Male,123456789,"QL1A, Hoằng Quý",http://hinhnenhd.com/wp-content/uploads/2021/08/Tai-ngay-avt-trang-fb-moi-nhat-dep-nhat-doc-dao-12.jpg,UTC,180
181,Hien,,Male,123456789,"90 QL217, Vĩnh Tiến",http://hinhnenhd.com/wp-content/uploads/2021/08/Tai-ngay-avt-trang-fb-moi-nhat-dep-nhat-doc-dao-12.jpg,UTC,181
182,Luong,,Male,123456789,"ĐT545, Nghĩa Tiến",http://hinhnenhd.com/wp-content/uploads/2021/08/Tai-ngay-avt-trang-fb-moi-nhat-dep-nhat-doc-dao-12.jpg,UTC,182
183,Nam,,Male,123456789,"Giáo xứ Lai Ổn, Ấp Lộ Đức, Xã, Hố Nai 3",http://hinhnenhd.com/wp-content/uploads/2021/08/Tai-ngay-avt-trang-fb-moi-nhat-dep-nhat-doc-dao-12.jpg,UTC,183
184,Lam,,Male,123456789,"1 kiệt, 29 Hùng Vương",http://hinhnenhd.com/wp-content/uploads/2021/08/Tai-ngay-avt-trang-fb-moi-nhat-dep-nhat-doc-dao-12.jpg,UTC,184
185,Trung,,Male,123456789,30 Trường Chinh,http://hinhnenhd.com/wp-content/uploads/2021/08/Tai-ngay-avt-trang-fb-moi-nhat-dep-nhat-doc-dao-12.jpg,UTC,185
186,Han,,Male,123456789,"3494+9MX, Âu Cơ, Hoà Sơn",http://hinhnenhd.com/wp-content/uploads/2021/08/Tai-ngay-avt-trang-fb-moi-nhat-dep-nhat-doc-dao-12.jpg,UTC,186
187,Nguyen,,Male,123456789,34A Huỳnh Phan Hộ,http://hinhnenhd.com/wp-content/uploads/2021/08/Tai-ngay-avt-trang-fb-moi-nhat-dep-nhat-doc-dao-12.jpg,UTC,187
188,Duc,,Male,123456789,01 Đường Tạ An Khương,http://hinhnenhd.com/wp-content/uploads/2021/08/Tai-ngay-avt-trang-fb-moi-nhat-dep-nhat-doc-dao-12.jpg,UTC,188
189,Huong,,Male,123456789,"136C ĐT827, Khu phố Bình",http://hinhnenhd.com/wp-content/uploads/2021/08/Tai-ngay-avt-trang-fb-moi-nhat-dep-nhat-doc-dao-12.jpg,UTC,189
190,Phi,,Male,123456789,155 ấp An Lợi,http://hinhnenhd.com/wp-content/uploads/2021/08/Tai-ngay-avt-trang-fb-moi-nhat-dep-nhat-doc-dao-12.jpg,UTC,190
191,Nhat,,Male,123456789,199a Tam Thanh,http://hinhnenhd.com/wp-content/uploads/2021/08/Tai-ngay-avt-trang-fb-moi-nhat-dep-nhat-doc-dao-12.jpg,UTC,191
192,Hoang,,Male,123456789,"MXMH+47X, Ea Nuôi",http://hinhnenhd.com/wp-content/uploads/2021/08/Tai-ngay-avt-trang-fb-moi-nhat-dep-nhat-doc-dao-12.jpg,UTC,192
193,Kien,,Male,123456789,"Unnamed Road, Lương Sơn",http://hinhnenhd.com/wp-content/uploads/2021/08/Tai-ngay-avt-trang-fb-moi-nhat-dep-nhat-doc-dao-12.jpg,UTC,193
194,Trang,,Male,123456789,"PVV3+VXF, Hướng Hiệp",http://hinhnenhd.com/wp-content/uploads/2021/08/Tai-ngay-avt-trang-fb-moi-nhat-dep-nhat-doc-dao-12.jpg,UTC,194
195,Ngan,,Male,123456789,"FW8V+75C, Phước Hiệp",http://hinhnenhd.com/wp-content/uploads/2021/08/Tai-ngay-avt-trang-fb-moi-nhat-dep-nhat-doc-dao-12.jpg,UTC,195
196,My,,Male,123456789,"Kinh số 3, ấp Bùng Binh, Hòa Khánh Tây",http://hinhnenhd.com/wp-content/uploads/2021/08/Tai-ngay-avt-trang-fb-moi-nhat-dep-nhat-doc-dao-12.jpg,UTC,196
197,Hung,,Male,123456789,"242 Nguyễn Văn Lượng, Phường 10",http://hinhnenhd.com/wp-content/uploads/2021/08/Tai-ngay-avt-trang-fb-moi-nhat-dep-nhat-doc-dao-12.jpg,UTC,197
198,Anh,,Male,123456789,"34 đường Hai Bà Trưng, phường Linh Trung",http://hinhnenhd.com/wp-content/uploads/2021/08/Tai-ngay-avt-trang-fb-moi-nhat-dep-nhat-doc-dao-12.jpg,UTC,198
199,Diem,,Male,123456789,"01 Công xã Paris, Bến Nghé",http://hinhnenhd.com/wp-content/uploads/2021/08/Tai-ngay-avt-trang-fb-moi-nhat-dep-nhat-doc-dao-12.jpg,UTC,199
200,Trinh,,Male,123456789,"1/47 Bình Đường 1, An Bình",http://hinhnenhd.com/wp-content/uploads/2021/08/Tai-ngay-avt-trang-fb-moi-nhat-dep-nhat-doc-dao-12.jpg,UTC,200
201,Son,,Male,123456789,"Lê Hồng Phong, khu phố Đông Chiêu",http://hinhnenhd.com/wp-content/uploads/2021/08/Tai-ngay-avt-trang-fb-moi-nhat-dep-nhat-doc-dao-12.jpg,UTC,201
202,Hien,,Male,123456789,"214 Phước Tân, Bình Tân",http://hinhnenhd.com/wp-content/uploads/2021/08/Tai-ngay-avt-trang-fb-moi-nhat-dep-nhat-doc-dao-12.jpg,UTC,202
203,Luong,,Male,123456789,"Tô Vĩnh Diện, Đường Đ. Mạc Đĩnh Chi, Đông Hoà",http://hinhnenhd.com/wp-content/uploads/2021/08/Tai-ngay-avt-trang-fb-moi-nhat-dep-nhat-doc-dao-12.jpg,UTC,203
204,Nam,,Male,123456789,"Q4W3+V2C, Nhân Vũ",http://hinhnenhd.com/wp-content/uploads/2021/08/Tai-ngay-avt-trang-fb-moi-nhat-dep-nhat-doc-dao-12.jpg,UTC,204
205,Lam,,Male,123456789,"121 Dư Hàng, Hồ Nam",http://hinhnenhd.com/wp-content/uploads/2021/08/Tai-ngay-avt-trang-fb-moi-nhat-dep-nhat-doc-dao-12.jpg,UTC,205
206,Trung,,Male,123456789,"23RV+9RR, Unnamed Road",http://hinhnenhd.com/wp-content/uploads/2021/08/Tai-ngay-avt-trang-fb-moi-nhat-dep-nhat-doc-dao-12.jpg,UTC,206
207,Han,,Male,123456789,"02 đường D5, Phường Phước Mỹ,  Mỹ Sơn",http://hinhnenhd.com/wp-content/uploads/2021/08/Tai-ngay-avt-trang-fb-moi-nhat-dep-nhat-doc-dao-12.jpg,UTC,207
208,Nguyen,,Male,123456789,"5949+4XR, ĐT722, Đa M'Rong",http://hinhnenhd.com/wp-content/uploads/2021/08/Tai-ngay-avt-trang-fb-moi-nhat-dep-nhat-doc-dao-12.jpg,UTC,208
209,Duc,,Male,123456789,"7J74+9J7, QL14, Tổ 1",http://hinhnenhd.com/wp-content/uploads/2021/08/Tai-ngay-avt-trang-fb-moi-nhat-dep-nhat-doc-dao-12.jpg,UTC,209
210,Huong,,Male,123456789,37V7+GQ4,http://hinhnenhd.com/wp-content/uploads/2021/08/Tai-ngay-avt-trang-fb-moi-nhat-dep-nhat-doc-dao-12.jpg,UTC,210
211,Phi,,Male,123456789,"35, Unnamed Road, Mỹ Quý Đông",http://hinhnenhd.com/wp-content/uploads/2021/08/Tai-ngay-avt-trang-fb-moi-nhat-dep-nhat-doc-dao-12.jpg,UTC,211
212,Nhat,,Male,123456789,"45, Thạnh Hoà",http://hinhnenhd.com/wp-content/uploads/2021/08/Tai-ngay-avt-trang-fb-moi-nhat-dep-nhat-doc-dao-12.jpg,UTC,212
213,Hoang,,Male,123456789,"QL1A, Hoằng Quý",http://hinhnenhd.com/wp-content/uploads/2021/08/Tai-ngay-avt-trang-fb-moi-nhat-dep-nhat-doc-dao-12.jpg,UTC,213
214,Kien,,Male,123456789,"90 QL217, Vĩnh Tiến",http://hinhnenhd.com/wp-content/uploads/2021/08/Tai-ngay-avt-trang-fb-moi-nhat-dep-nhat-doc-dao-12.jpg,UTC,214
215,Trang,,Male,123456789,"ĐT545, Nghĩa Tiến",http://hinhnenhd.com/wp-content/uploads/2021/08/Tai-ngay-avt-trang-fb-moi-nhat-dep-nhat-doc-dao-12.jpg,UTC,215
216,Ngan,,Male,123456789,"Giáo xứ Lai Ổn, Ấp Lộ Đức, Xã, Hố Nai 3",http://hinhnenhd.com/wp-content/uploads/2021/08/Tai-ngay-avt-trang-fb-moi-nhat-dep-nhat-doc-dao-12.jpg,UTC,216
217,My,,Male,123456789,"1 kiệt, 29 Hùng Vương",http://hinhnenhd.com/wp-content/uploads/2021/08/Tai-ngay-avt-trang-fb-moi-nhat-dep-nhat-doc-dao-12.jpg,UTC,217
218,Hung,,Male,123456789,30 Trường Chinh,http://hinhnenhd.com/wp-content/uploads/2021/08/Tai-ngay-avt-trang-fb-moi-nhat-dep-nhat-doc-dao-12.jpg,UTC,218
219,Anh,,Male,123456789,"3494+9MX, Âu Cơ, Hoà Sơn",http://hinhnenhd.com/wp-content/uploads/2021/08/Tai-ngay-avt-trang-fb-moi-nhat-dep-nhat-doc-dao-12.jpg,UTC,219
220,Diem,,Male,123456789,34A Huỳnh Phan Hộ,http://hinhnenhd.com/wp-content/uploads/2021/08/Tai-ngay-avt-trang-fb-moi-nhat-dep-nhat-doc-dao-12.jpg,UTC,220
221,Trinh,,Male,123456789,01 Đường Tạ An Khương,http://hinhnenhd.com/wp-content/uploads/2021/08/Tai-ngay-avt-trang-fb-moi-nhat-dep-nhat-doc-dao-12.jpg,UTC,221
222,Son,,Male,123456789,"136C ĐT827, Khu phố Bình",http://hinhnenhd.com/wp-content/uploads/2021/08/Tai-ngay-avt-trang-fb-moi-nhat-dep-nhat-doc-dao-12.jpg,UTC,222
223,Hien,,Male,123456789,155 ấp An Lợi,http://hinhnenhd.com/wp-content/uploads/2021/08/Tai-ngay-avt-trang-fb-moi-nhat-dep-nhat-doc-dao-12.jpg,UTC,223
224,Luong,,Male,123456789,199a Tam Thanh,http://hinhnenhd.com/wp-content/uploads/2021/08/Tai-ngay-avt-trang-fb-moi-nhat-dep-nhat-doc-dao-12.jpg,UTC,224
225,Nam,,Male,123456789,"MXMH+47X, Ea Nuôi",http://hinhnenhd.com/wp-content/uploads/2021/08/Tai-ngay-avt-trang-fb-moi-nhat-dep-nhat-doc-dao-12.jpg,UTC,225
226,Lam,,Male,123456789,"Unnamed Road, Lương Sơn",http://hinhnenhd.com/wp-content/uploads/2021/08/Tai-ngay-avt-trang-fb-moi-nhat-dep-nhat-doc-dao-12.jpg,UTC,226
227,Trung,,Male,123456789,"PVV3+VXF, Hướng Hiệp",http://hinhnenhd.com/wp-content/uploads/2021/08/Tai-ngay-avt-trang-fb-moi-nhat-dep-nhat-doc-dao-12.jpg,UTC,227
228,Han,,Male,123456789,"FW8V+75C, Phước Hiệp",http://hinhnenhd.com/wp-content/uploads/2021/08/Tai-ngay-avt-trang-fb-moi-nhat-dep-nhat-doc-dao-12.jpg,UTC,228
229,Nguyen,,Male,123456789,"Kinh số 3, ấp Bùng Binh, Hòa Khánh Tây",http://hinhnenhd.com/wp-content/uploads/2021/08/Tai-ngay-avt-trang-fb-moi-nhat-dep-nhat-doc-dao-12.jpg,UTC,229
230,Duc,,Male,123456789,"242 Nguyễn Văn Lượng, Phường 10",http://hinhnenhd.com/wp-content/uploads/2021/08/Tai-ngay-avt-trang-fb-moi-nhat-dep-nhat-doc-dao-12.jpg,UTC,230
231,Huong,,Male,123456789,"34 đường Hai Bà Trưng, phường Linh Trung",http://hinhnenhd.com/wp-content/uploads/2021/08/Tai-ngay-avt-trang-fb-moi-nhat-dep-nhat-doc-dao-12.jpg,UTC,231
232,Phi,,Male,123456789,"01 Công xã Paris, Bến Nghé",http://hinhnenhd.com/wp-content/uploads/2021/08/Tai-ngay-avt-trang-fb-moi-nhat-dep-nhat-doc-dao-12.jpg,UTC,232
233,Nhat,,Male,123456789,"1/47 Bình Đường 1, An Bình",http://hinhnenhd.com/wp-content/uploads/2021/08/Tai-ngay-avt-trang-fb-moi-nhat-dep-nhat-doc-dao-12.jpg,UTC,233
234,Hoang,,Male,123456789,"Lê Hồng Phong, khu phố Đông Chiêu",http://hinhnenhd.com/wp-content/uploads/2021/08/Tai-ngay-avt-trang-fb-moi-nhat-dep-nhat-doc-dao-12.jpg,UTC,234
235,Kien,,Male,123456789,"214 Phước Tân, Bình Tân",http://hinhnenhd.com/wp-content/uploads/2021/08/Tai-ngay-avt-trang-fb-moi-nhat-dep-nhat-doc-dao-12.jpg,UTC,235
236,Trang,,Male,123456789,"Tô Vĩnh Diện, Đường Đ. Mạc Đĩnh Chi, Đông Hoà",http://hinhnenhd.com/wp-content/uploads/2021/08/Tai-ngay-avt-trang-fb-moi-nhat-dep-nhat-doc-dao-12.jpg,UTC,236
237,Ngan,,Male,123456789,"Q4W3+V2C, Nhân Vũ",http://hinhnenhd.com/wp-content/uploads/2021/08/Tai-ngay-avt-trang-fb-moi-nhat-dep-nhat-doc-dao-12.jpg,UTC,237
238,My,,Male,123456789,"121 Dư Hàng, Hồ Nam",http://hinhnenhd.com/wp-content/uploads/2021/08/Tai-ngay-avt-trang-fb-moi-nhat-dep-nhat-doc-dao-12.jpg,UTC,238
239,Hung,,Male,123456789,"23RV+9RR, Unnamed Road",http://hinhnenhd.com/wp-content/uploads/2021/08/Tai-ngay-avt-trang-fb-moi-nhat-dep-nhat-doc-dao-12.jpg,UTC,239
240,Anh,,Male,123456789,"02 đường D5, Phường Phước Mỹ,  Mỹ Sơn",http://hinhnenhd.com/wp-content/uploads/2021/08/Tai-ngay-avt-trang-fb-moi-nhat-dep-nhat-doc-dao-12.jpg,UTC,240
241,Diem,,Male,123456789,"5949+4XR, ĐT722, Đa M'Rong",http://hinhnenhd.com/wp-content/uploads/2021/08/Tai-ngay-avt-trang-fb-moi-nhat-dep-nhat-doc-dao-12.jpg,UTC,241
242,Trinh,,Male,123456789,"7J74+9J7, QL14, Tổ 1",http://hinhnenhd.com/wp-content/uploads/2021/08/Tai-ngay-avt-trang-fb-moi-nhat-dep-nhat-doc-dao-12.jpg,UTC,242
243,Son,,Male,123456789,37V7+GQ4,http://hinhnenhd.com/wp-content/uploads/2021/08/Tai-ngay-avt-trang-fb-moi-nhat-dep-nhat-doc-dao-12.jpg,UTC,243
244,Hien,,Male,123456789,"35, Unnamed Road, Mỹ Quý Đông",http://hinhnenhd.com/wp-content/uploads/2021/08/Tai-ngay-avt-trang-fb-moi-nhat-dep-nhat-doc-dao-12.jpg,UTC,244
245,Luong,,Male,123456789,"45, Thạnh Hoà",http://hinhnenhd.com/wp-content/uploads/2021/08/Tai-ngay-avt-trang-fb-moi-nhat-dep-nhat-doc-dao-12.jpg,UTC,245
246,Nam,,Male,123456789,"QL1A, Hoằng Quý",http://hinhnenhd.com/wp-content/uploads/2021/08/Tai-ngay-avt-trang-fb-moi-nhat-dep-nhat-doc-dao-12.jpg,UTC,246
247,Lam,,Male,123456789,"90 QL217, Vĩnh Tiến",http://hinhnenhd.com/wp-content/uploads/2021/08/Tai-ngay-avt-trang-fb-moi-nhat-dep-nhat-doc-dao-12.jpg,UTC,247
248,Trung,,Male,123456789,"ĐT545, Nghĩa Tiến",http://hinhnenhd.com/wp-content/uploads/2021/08/Tai-ngay-avt-trang-fb-moi-nhat-dep-nhat-doc-dao-12.jpg,UTC,248
249,Han,,Male,123456789,"Giáo xứ Lai Ổn, Ấp Lộ Đức, Xã, Hố Nai 3",http://hinhnenhd.com/wp-content/uploads/2021/08/Tai-ngay-avt-trang-fb-moi-nhat-dep-nhat-doc-dao-12.jpg,UTC,249
250,Nguyen,,Male,123456789,"1 kiệt, 29 Hùng Vương",http://hinhnenhd.com/wp-content/uploads/2021/08/Tai-ngay-avt-trang-fb-moi-nhat-dep-nhat-doc-dao-12.jpg,UTC,250
251,Duc,,Male,123456789,30 Trường Chinh,http://hinhnenhd.com/wp-content/uploads/2021/08/Tai-ngay-avt-trang-fb-moi-nhat-dep-nhat-doc-dao-12.jpg,UTC,251
252,Huong,,Male,123456789,"3494+9MX, Âu Cơ, Hoà Sơn",http://hinhnenhd.com/wp-content/uploads/2021/08/Tai-ngay-avt-trang-fb-moi-nhat-dep-nhat-doc-dao-12.jpg,UTC,252
253,Phi,,Male,123456789,34A Huỳnh Phan Hộ,http://hinhnenhd.com/wp-content/uploads/2021/08/Tai-ngay-avt-trang-fb-moi-nhat-dep-nhat-doc-dao-12.jpg,UTC,253
254,Nhat,,Male,123456789,01 Đường Tạ An Khương,http://hinhnenhd.com/wp-content/uploads/2021/08/Tai-ngay-avt-trang-fb-moi-nhat-dep-nhat-doc-dao-12.jpg,UTC,254
255,Hoang,,Male,123456789,"136C ĐT827, Khu phố Bình",http://hinhnenhd.com/wp-content/uploads/2021/08/Tai-ngay-avt-trang-fb-moi-nhat-dep-nhat-doc-dao-12.jpg,UTC,255
256,Kien,,Male,123456789,155 ấp An Lợi,http://hinhnenhd.com/wp-content/uploads/2021/08/Tai-ngay-avt-trang-fb-moi-nhat-dep-nhat-doc-dao-12.jpg,UTC,256
257,Trang,,Male,123456789,199a Tam Thanh,http://hinhnenhd.com/wp-content/uploads/2021/08/Tai-ngay-avt-trang-fb-moi-nhat-dep-nhat-doc-dao-12.jpg,UTC,257
258,Ngan,,Male,123456789,"MXMH+47X, Ea Nuôi",http://hinhnenhd.com/wp-content/uploads/2021/08/Tai-ngay-avt-trang-fb-moi-nhat-dep-nhat-doc-dao-12.jpg,UTC,258
259,My,,Male,123456789,"Unnamed Road, Lương Sơn",http://hinhnenhd.com/wp-content/uploads/2021/08/Tai-ngay-avt-trang-fb-moi-nhat-dep-nhat-doc-dao-12.jpg,UTC,259
260,Hung,,Male,123456789,"PVV3+VXF, Hướng Hiệp",http://hinhnenhd.com/wp-content/uploads/2021/08/Tai-ngay-avt-trang-fb-moi-nhat-dep-nhat-doc-dao-12.jpg,UTC,260
261,Anh,,Male,123456789,"FW8V+75C, Phước Hiệp",http://hinhnenhd.com/wp-content/uploads/2021/08/Tai-ngay-avt-trang-fb-moi-nhat-dep-nhat-doc-dao-12.jpg,UTC,261
262,Diem,,Male,123456789,"Kinh số 3, ấp Bùng Binh, Hòa Khánh Tây",http://hinhnenhd.com/wp-content/uploads/2021/08/Tai-ngay-avt-trang-fb-moi-nhat-dep-nhat-doc-dao-12.jpg,UTC,262
263,Trinh,,Male,123456789,"242 Nguyễn Văn Lượng, Phường 10",http://hinhnenhd.com/wp-content/uploads/2021/08/Tai-ngay-avt-trang-fb-moi-nhat-dep-nhat-doc-dao-12.jpg,UTC,263
264,Son,,Male,123456789,"34 đường Hai Bà Trưng, phường Linh Trung",http://hinhnenhd.com/wp-content/uploads/2021/08/Tai-ngay-avt-trang-fb-moi-nhat-dep-nhat-doc-dao-12.jpg,UTC,264
265,Hien,,Male,123456789,"01 Công xã Paris, Bến Nghé",http://hinhnenhd.com/wp-content/uploads/2021/08/Tai-ngay-avt-trang-fb-moi-nhat-dep-nhat-doc-dao-12.jpg,UTC,265
266,Luong,,Male,123456789,"1/47 Bình Đường 1, An Bình",http://hinhnenhd.com/wp-content/uploads/2021/08/Tai-ngay-avt-trang-fb-moi-nhat-dep-nhat-doc-dao-12.jpg,UTC,266
267,Nam,,Male,123456789,"Lê Hồng Phong, khu phố Đông Chiêu",http://hinhnenhd.com/wp-content/uploads/2021/08/Tai-ngay-avt-trang-fb-moi-nhat-dep-nhat-doc-dao-12.jpg,UTC,267
268,Lam,,Male,123456789,"214 Phước Tân, Bình Tân",http://hinhnenhd.com/wp-content/uploads/2021/08/Tai-ngay-avt-trang-fb-moi-nhat-dep-nhat-doc-dao-12.jpg,UTC,268
269,Trung,,Male,123456789,"Tô Vĩnh Diện, Đường Đ. Mạc Đĩnh Chi, Đông Hoà",http://hinhnenhd.com/wp-content/uploads/2021/08/Tai-ngay-avt-trang-fb-moi-nhat-dep-nhat-doc-dao-12.jpg,UTC,269
270,Han,,Male,123456789,"Q4W3+V2C, Nhân Vũ",http://hinhnenhd.com/wp-content/uploads/2021/08/Tai-ngay-avt-trang-fb-moi-nhat-dep-nhat-doc-dao-12.jpg,UTC,270
271,Nguyen,,Male,123456789,"121 Dư Hàng, Hồ Nam",http://hinhnenhd.com/wp-content/uploads/2021/08/Tai-ngay-avt-trang-fb-moi-nhat-dep-nhat-doc-dao-12.jpg,UTC,271
272,Duc,,Male,123456789,"23RV+9RR, Unnamed Road",http://hinhnenhd.com/wp-content/uploads/2021/08/Tai-ngay-avt-trang-fb-moi-nhat-dep-nhat-doc-dao-12.jpg,UTC,272
273,Huong,,Male,123456789,"02 đường D5, Phường Phước Mỹ,  Mỹ Sơn",http://hinhnenhd.com/wp-content/uploads/2021/08/Tai-ngay-avt-trang-fb-moi-nhat-dep-nhat-doc-dao-12.jpg,UTC,273
274,Phi,,Male,123456789,"5949+4XR, ĐT722, Đa M'Rong",http://hinhnenhd.com/wp-content/uploads/2021/08/Tai-ngay-avt-trang-fb-moi-nhat-dep-nhat-doc-dao-12.jpg,UTC,274
275,Nhat,,Male,123456789,"7J74+9J7, QL14, Tổ 1",http://hinhnenhd.com/wp-content/uploads/2021/08/Tai-ngay-avt-trang-fb-moi-nhat-dep-nhat-doc-dao-12.jpg,UTC,275
276,Hoang,,Male,123456789,37V7+GQ4,http://hinhnenhd.com/wp-content/uploads/2021/08/Tai-ngay-avt-trang-fb-moi-nhat-dep-nhat-doc-dao-12.jpg,UTC,276
277,Kien,,Male,123456789,"35, Unnamed Road, Mỹ Quý Đông",http://hinhnenhd.com/wp-content/uploads/2021/08/Tai-ngay-avt-trang-fb-moi-nhat-dep-nhat-doc-dao-12.jpg,UTC,277
278,Trang,,Male,123456789,"45, Thạnh Hoà",http://hinhnenhd.com/wp-content/uploads/2021/08/Tai-ngay-avt-trang-fb-moi-nhat-dep-nhat-doc-dao-12.jpg,UTC,278
279,Ngan,,Male,123456789,"QL1A, Hoằng Quý",http://hinhnenhd.com/wp-content/uploads/2021/08/Tai-ngay-avt-trang-fb-moi-nhat-dep-nhat-doc-dao-12.jpg,UTC,279
280,My,,Male,123456789,"90 QL217, Vĩnh Tiến",http://hinhnenhd.com/wp-content/uploads/2021/08/Tai-ngay-avt-trang-fb-moi-nhat-dep-nhat-doc-dao-12.jpg,UTC,280
281,Hung,,Male,123456789,"ĐT545, Nghĩa Tiến",http://hinhnenhd.com/wp-content/uploads/2021/08/Tai-ngay-avt-trang-fb-moi-nhat-dep-nhat-doc-dao-12.jpg,UTC,281
282,Anh,,Male,123456789,"Giáo xứ Lai Ổn, Ấp Lộ Đức, Xã, Hố Nai 3",http://hinhnenhd.com/wp-content/uploads/2021/08/Tai-ngay-avt-trang-fb-moi-nhat-dep-nhat-doc-dao-12.jpg,UTC,282
283,Diem,,Male,123456789,"1 kiệt, 29 Hùng Vương",http://hinhnenhd.com/wp-content/uploads/2021/08/Tai-ngay-avt-trang-fb-moi-nhat-dep-nhat-doc-dao-12.jpg,UTC,283
284,Trinh,,Male,123456789,30 Trường Chinh,http://hinhnenhd.com/wp-content/uploads/2021/08/Tai-ngay-avt-trang-fb-moi-nhat-dep-nhat-doc-dao-12.jpg,UTC,284
285,Son,,Male,123456789,"3494+9MX, Âu Cơ, Hoà Sơn",http://hinhnenhd.com/wp-content/uploads/2021/08/Tai-ngay-avt-trang-fb-moi-nhat-dep-nhat-doc-dao-12.jpg,UTC,285
286,Hien,,Male,123456789,34A Huỳnh Phan Hộ,http://hinhnenhd.com/wp-content/uploads/2021/08/Tai-ngay-avt-trang-fb-moi-nhat-dep-nhat-doc-dao-12.jpg,UTC,286
287,Luong,,Male,123456789,01 Đường Tạ An Khương,http://hinhnenhd.com/wp-content/uploads/2021/08/Tai-ngay-avt-trang-fb-moi-nhat-dep-nhat-doc-dao-12.jpg,UTC,287
288,Nam,,Male,123456789,"136C ĐT827, Khu phố Bình",http://hinhnenhd.com/wp-content/uploads/2021/08/Tai-ngay-avt-trang-fb-moi-nhat-dep-nhat-doc-dao-12.jpg,UTC,288
289,Lam,,Male,123456789,155 ấp An Lợi,http://hinhnenhd.com/wp-content/uploads/2021/08/Tai-ngay-avt-trang-fb-moi-nhat-dep-nhat-doc-dao-12.jpg,UTC,289
290,Trung,,Male,123456789,199a Tam Thanh,http://hinhnenhd.com/wp-content/uploads/2021/08/Tai-ngay-avt-trang-fb-moi-nhat-dep-nhat-doc-dao-12.jpg,UTC,290
291,Han,,Male,123456789,"MXMH+47X, Ea Nuôi",http://hinhnenhd.com/wp-content/uploads/2021/08/Tai-ngay-avt-trang-fb-moi-nhat-dep-nhat-doc-dao-12.jpg,UTC,291
292,Nguyen,,Male,123456789,"Unnamed Road, Lương Sơn",http://hinhnenhd.com/wp-content/uploads/2021/08/Tai-ngay-avt-trang-fb-moi-nhat-dep-nhat-doc-dao-12.jpg,UTC,292
293,Duc,,Male,123456789,"PVV3+VXF, Hướng Hiệp",http://hinhnenhd.com/wp-content/uploads/2021/08/Tai-ngay-avt-trang-fb-moi-nhat-dep-nhat-doc-dao-12.jpg,UTC,293
294,Huong,,Male,123456789,"FW8V+75C, Phước Hiệp",http://hinhnenhd.com/wp-content/uploads/2021/08/Tai-ngay-avt-trang-fb-moi-nhat-dep-nhat-doc-dao-12.jpg,UTC,294
295,Phi,,Male,123456789,"Kinh số 3, ấp Bùng Binh, Hòa Khánh Tây",http://hinhnenhd.com/wp-content/uploads/2021/08/Tai-ngay-avt-trang-fb-moi-nhat-dep-nhat-doc-dao-12.jpg,UTC,295
296,Nhat,,Male,123456789,"242 Nguyễn Văn Lượng, Phường 10",http://hinhnenhd.com/wp-content/uploads/2021/08/Tai-ngay-avt-trang-fb-moi-nhat-dep-nhat-doc-dao-12.jpg,UTC,296
297,Hoang,,Male,123456789,"34 đường Hai Bà Trưng, phường Linh Trung",http://hinhnenhd.com/wp-content/uploads/2021/08/Tai-ngay-avt-trang-fb-moi-nhat-dep-nhat-doc-dao-12.jpg,UTC,297
298,Kien,,Male,123456789,"01 Công xã Paris, Bến Nghé",http://hinhnenhd.com/wp-content/uploads/2021/08/Tai-ngay-avt-trang-fb-moi-nhat-dep-nhat-doc-dao-12.jpg,UTC,298
299,Trang,,Male,123456789,"1/47 Bình Đường 1, An Bình",http://hinhnenhd.com/wp-content/uploads/2021/08/Tai-ngay-avt-trang-fb-moi-nhat-dep-nhat-doc-dao-12.jpg,UTC,299
300,Ngan,,Male,123456789,"Lê Hồng Phong, khu phố Đông Chiêu",http://hinhnenhd.com/wp-content/uploads/2021/08/Tai-ngay-avt-trang-fb-moi-nhat-dep-nhat-doc-dao-12.jpg,UTC,300
301,My,,Male,123456789,"214 Phước Tân, Bình Tân",http://hinhnenhd.com/wp-content/uploads/2021/08/Tai-ngay-avt-trang-fb-moi-nhat-dep-nhat-doc-dao-12.jpg,UTC,301
302,Hung,,Male,123456789,"Tô Vĩnh Diện, Đường Đ. Mạc Đĩnh Chi, Đông Hoà",http://hinhnenhd.com/wp-content/uploads/2021/08/Tai-ngay-avt-trang-fb-moi-nhat-dep-nhat-doc-dao-12.jpg,UTC,302
303,Anh,,Male,123456789,"Q4W3+V2C, Nhân Vũ",http://hinhnenhd.com/wp-content/uploads/2021/08/Tai-ngay-avt-trang-fb-moi-nhat-dep-nhat-doc-dao-12.jpg,UTC,303
304,Diem,,Male,123456789,"121 Dư Hàng, Hồ Nam",http://hinhnenhd.com/wp-content/uploads/2021/08/Tai-ngay-avt-trang-fb-moi-nhat-dep-nhat-doc-dao-12.jpg,UTC,304
305,Trinh,,Male,123456789,"23RV+9RR, Unnamed Road",http://hinhnenhd.com/wp-content/uploads/2021/08/Tai-ngay-avt-trang-fb-moi-nhat-dep-nhat-doc-dao-12.jpg,UTC,305
306,Son,,Male,123456789,"02 đường D5, Phường Phước Mỹ,  Mỹ Sơn",http://hinhnenhd.com/wp-content/uploads/2021/08/Tai-ngay-avt-trang-fb-moi-nhat-dep-nhat-doc-dao-12.jpg,UTC,306
307,Hien,,Male,123456789,"5949+4XR, ĐT722, Đa M'Rong",http://hinhnenhd.com/wp-content/uploads/2021/08/Tai-ngay-avt-trang-fb-moi-nhat-dep-nhat-doc-dao-12.jpg,UTC,307
308,Luong,,Male,123456789,"7J74+9J7, QL14, Tổ 1",http://hinhnenhd.com/wp-content/uploads/2021/08/Tai-ngay-avt-trang-fb-moi-nhat-dep-nhat-doc-dao-12.jpg,UTC,308
309,Nam,,Male,123456789,37V7+GQ4,http://hinhnenhd.com/wp-content/uploads/2021/08/Tai-ngay-avt-trang-fb-moi-nhat-dep-nhat-doc-dao-12.jpg,UTC,309
310,Lam,,Male,123456789,"35, Unnamed Road, Mỹ Quý Đông",http://hinhnenhd.com/wp-content/uploads/2021/08/Tai-ngay-avt-trang-fb-moi-nhat-dep-nhat-doc-dao-12.jpg,UTC,310
311,Trung,,Male,123456789,"45, Thạnh Hoà",http://hinhnenhd.com/wp-content/uploads/2021/08/Tai-ngay-avt-trang-fb-moi-nhat-dep-nhat-doc-dao-12.jpg,UTC,311
312,Han,,Male,123456789,"QL1A, Hoằng Quý",http://hinhnenhd.com/wp-content/uploads/2021/08/Tai-ngay-avt-trang-fb-moi-nhat-dep-nhat-doc-dao-12.jpg,UTC,312
313,Nguyen,,Male,123456789,"90 QL217, Vĩnh Tiến",http://hinhnenhd.com/wp-content/uploads/2021/08/Tai-ngay-avt-trang-fb-moi-nhat-dep-nhat-doc-dao-12.jpg,UTC,313
314,Duc,,Male,123456789,"ĐT545, Nghĩa Tiến",http://hinhnenhd.com/wp-content/uploads/2021/08/Tai-ngay-avt-trang-fb-moi-nhat-dep-nhat-doc-dao-12.jpg,UTC,314
315,Huong,,Male,123456789,"Giáo xứ Lai Ổn, Ấp Lộ Đức, Xã, Hố Nai 3",http://hinhnenhd.com/wp-content/uploads/2021/08/Tai-ngay-avt-trang-fb-moi-nhat-dep-nhat-doc-dao-12.jpg,UTC,315
316,Phi,,Male,123456789,"1 kiệt, 29 Hùng Vương",http://hinhnenhd.com/wp-content/uploads/2021/08/Tai-ngay-avt-trang-fb-moi-nhat-dep-nhat-doc-dao-12.jpg,UTC,316
317,Nhat,,Male,123456789,30 Trường Chinh,http://hinhnenhd.com/wp-content/uploads/2021/08/Tai-ngay-avt-trang-fb-moi-nhat-dep-nhat-doc-dao-12.jpg,UTC,317
318,Hoang,,Male,123456789,"3494+9MX, Âu Cơ, Hoà Sơn",http://hinhnenhd.com/wp-content/uploads/2021/08/Tai-ngay-avt-trang-fb-moi-nhat-dep-nhat-doc-dao-12.jpg,UTC,318
319,Kien,,Male,123456789,34A Huỳnh Phan Hộ,http://hinhnenhd.com/wp-content/uploads/2021/08/Tai-ngay-avt-trang-fb-moi-nhat-dep-nhat-doc-dao-12.jpg,UTC,319
320,Trang,,Male,123456789,01 Đường Tạ An Khương,http://hinhnenhd.com/wp-content/uploads/2021/08/Tai-ngay-avt-trang-fb-moi-nhat-dep-nhat-doc-dao-12.jpg,UTC,320
321,Ngan,,Male,123456789,"136C ĐT827, Khu phố Bình",http://hinhnenhd.com/wp-content/uploads/2021/08/Tai-ngay-avt-trang-fb-moi-nhat-dep-nhat-doc-dao-12.jpg,UTC,321
322,My,,Male,123456789,155 ấp An Lợi,http://hinhnenhd.com/wp-content/uploads/2021/08/Tai-ngay-avt-trang-fb-moi-nhat-dep-nhat-doc-dao-12.jpg,UTC,322
323,Hung,,Male,123456789,199a Tam Thanh,http://hinhnenhd.com/wp-content/uploads/2021/08/Tai-ngay-avt-trang-fb-moi-nhat-dep-nhat-doc-dao-12.jpg,UTC,323
324,Anh,,Male,123456789,"MXMH+47X, Ea Nuôi",http://hinhnenhd.com/wp-content/uploads/2021/08/Tai-ngay-avt-trang-fb-moi-nhat-dep-nhat-doc-dao-12.jpg,UTC,324
325,Diem,,Male,123456789,"Unnamed Road, Lương Sơn",http://hinhnenhd.com/wp-content/uploads/2021/08/Tai-ngay-avt-trang-fb-moi-nhat-dep-nhat-doc-dao-12.jpg,UTC,325
326,Trinh,,Male,123456789,"PVV3+VXF, Hướng Hiệp",http://hinhnenhd.com/wp-content/uploads/2021/08/Tai-ngay-avt-trang-fb-moi-nhat-dep-nhat-doc-dao-12.jpg,UTC,326
327,Son,,Male,123456789,"FW8V+75C, Phước Hiệp",http://hinhnenhd.com/wp-content/uploads/2021/08/Tai-ngay-avt-trang-fb-moi-nhat-dep-nhat-doc-dao-12.jpg,UTC,327
328,Hien,,Male,123456789,"Kinh số 3, ấp Bùng Binh, Hòa Khánh Tây",http://hinhnenhd.com/wp-content/uploads/2021/08/Tai-ngay-avt-trang-fb-moi-nhat-dep-nhat-doc-dao-12.jpg,UTC,328
329,Luong,,Male,123456789,"242 Nguyễn Văn Lượng, Phường 10",http://hinhnenhd.com/wp-content/uploads/2021/08/Tai-ngay-avt-trang-fb-moi-nhat-dep-nhat-doc-dao-12.jpg,UTC,329
330,Nam,,Male,123456789,"34 đường Hai Bà Trưng, phường Linh Trung",http://hinhnenhd.com/wp-content/uploads/2021/08/Tai-ngay-avt-trang-fb-moi-nhat-dep-nhat-doc-dao-12.jpg,UTC,330
331,Lam,,Male,123456789,"01 Công xã Paris, Bến Nghé",http://hinhnenhd.com/wp-content/uploads/2021/08/Tai-ngay-avt-trang-fb-moi-nhat-dep-nhat-doc-dao-12.jpg,UTC,331
332,Trung,,Male,123456789,"1/47 Bình Đường 1, An Bình",http://hinhnenhd.com/wp-content/uploads/2021/08/Tai-ngay-avt-trang-fb-moi-nhat-dep-nhat-doc-dao-12.jpg,UTC,332
333,Han,,Male,123456789,"Lê Hồng Phong, khu phố Đông Chiêu",http://hinhnenhd.com/wp-content/uploads/2021/08/Tai-ngay-avt-trang-fb-moi-nhat-dep-nhat-doc-dao-12.jpg,UTC,333
334,Nguyen,,Male,123456789,"214 Phước Tân, Bình Tân",http://hinhnenhd.com/wp-content/uploads/2021/08/Tai-ngay-avt-trang-fb-moi-nhat-dep-nhat-doc-dao-12.jpg,UTC,334
335,Duc,,Male,123456789,"Tô Vĩnh Diện, Đường Đ. Mạc Đĩnh Chi, Đông Hoà",http://hinhnenhd.com/wp-content/uploads/2021/08/Tai-ngay-avt-trang-fb-moi-nhat-dep-nhat-doc-dao-12.jpg,UTC,335
336,Huong,,Male,123456789,"Q4W3+V2C, Nhân Vũ",http://hinhnenhd.com/wp-content/uploads/2021/08/Tai-ngay-avt-trang-fb-moi-nhat-dep-nhat-doc-dao-12.jpg,UTC,336
337,Phi,,Male,123456789,"121 Dư Hàng, Hồ Nam",http://hinhnenhd.com/wp-content/uploads/2021/08/Tai-ngay-avt-trang-fb-moi-nhat-dep-nhat-doc-dao-12.jpg,UTC,337
338,Nhat,,Male,123456789,"23RV+9RR, Unnamed Road",http://hinhnenhd.com/wp-content/uploads/2021/08/Tai-ngay-avt-trang-fb-moi-nhat-dep-nhat-doc-dao-12.jpg,UTC,338
339,Hoang,,Male,123456789,"02 đường D5, Phường Phước Mỹ,  Mỹ Sơn",http://hinhnenhd.com/wp-content/uploads/2021/08/Tai-ngay-avt-trang-fb-moi-nhat-dep-nhat-doc-dao-12.jpg,UTC,339
340,Kien,,Male,123456789,"5949+4XR, ĐT722, Đa M'Rong",http://hinhnenhd.com/wp-content/uploads/2021/08/Tai-ngay-avt-trang-fb-moi-nhat-dep-nhat-doc-dao-12.jpg,UTC,340
341,Trang,,Male,123456789,"7J74+9J7, QL14, Tổ 1",http://hinhnenhd.com/wp-content/uploads/2021/08/Tai-ngay-avt-trang-fb-moi-nhat-dep-nhat-doc-dao-12.jpg,UTC,341
342,Ngan,,Male,123456789,37V7+GQ4,http://hinhnenhd.com/wp-content/uploads/2021/08/Tai-ngay-avt-trang-fb-moi-nhat-dep-nhat-doc-dao-12.jpg,UTC,342
343,My,,Male,123456789,"35, Unnamed Road, Mỹ Quý Đông",http://hinhnenhd.com/wp-content/uploads/2021/08/Tai-ngay-avt-trang-fb-moi-nhat-dep-nhat-doc-dao-12.jpg,UTC,343
344,Hung,,Male,123456789,"45, Thạnh Hoà",http://hinhnenhd.com/wp-content/uploads/2021/08/Tai-ngay-avt-trang-fb-moi-nhat-dep-nhat-doc-dao-12.jpg,UTC,344
345,Anh,,Male,123456789,"QL1A, Hoằng Quý",http://hinhnenhd.com/wp-content/uploads/2021/08/Tai-ngay-avt-trang-fb-moi-nhat-dep-nhat-doc-dao-12.jpg,UTC,345
346,Diem,,Male,123456789,"90 QL217, Vĩnh Tiến",http://hinhnenhd.com/wp-content/uploads/2021/08/Tai-ngay-avt-trang-fb-moi-nhat-dep-nhat-doc-dao-12.jpg,UTC,346
347,Trinh,,Male,123456789,"ĐT545, Nghĩa Tiến",http://hinhnenhd.com/wp-content/uploads/2021/08/Tai-ngay-avt-trang-fb-moi-nhat-dep-nhat-doc-dao-12.jpg,UTC,347
348,Son,,Male,123456789,"Giáo xứ Lai Ổn, Ấp Lộ Đức, Xã, Hố Nai 3",http://hinhnenhd.com/wp-content/uploads/2021/08/Tai-ngay-avt-trang-fb-moi-nhat-dep-nhat-doc-dao-12.jpg,UTC,348
349,Hien,,Male,123456789,"1 kiệt, 29 Hùng Vương",http://hinhnenhd.com/wp-content/uploads/2021/08/Tai-ngay-avt-trang-fb-moi-nhat-dep-nhat-doc-dao-12.jpg,UTC,349
350,Luong,,Male,123456789,30 Trường Chinh,http://hinhnenhd.com/wp-content/uploads/2021/08/Tai-ngay-avt-trang-fb-moi-nhat-dep-nhat-doc-dao-12.jpg,UTC,350
351,Nam,,Male,123456789,"3494+9MX, Âu Cơ, Hoà Sơn",http://hinhnenhd.com/wp-content/uploads/2021/08/Tai-ngay-avt-trang-fb-moi-nhat-dep-nhat-doc-dao-12.jpg,UTC,351
352,Lam,,Male,123456789,34A Huỳnh Phan Hộ,http://hinhnenhd.com/wp-content/uploads/2021/08/Tai-ngay-avt-trang-fb-moi-nhat-dep-nhat-doc-dao-12.jpg,UTC,352
353,Trung,,Male,123456789,01 Đường Tạ An Khương,http://hinhnenhd.com/wp-content/uploads/2021/08/Tai-ngay-avt-trang-fb-moi-nhat-dep-nhat-doc-dao-12.jpg,UTC,353
354,Han,,Male,123456789,"136C ĐT827, Khu phố Bình",http://hinhnenhd.com/wp-content/uploads/2021/08/Tai-ngay-avt-trang-fb-moi-nhat-dep-nhat-doc-dao-12.jpg,UTC,354
355,Nguyen,,Male,123456789,155 ấp An Lợi,http://hinhnenhd.com/wp-content/uploads/2021/08/Tai-ngay-avt-trang-fb-moi-nhat-dep-nhat-doc-dao-12.jpg,UTC,355
356,Duc,,Male,123456789,199a Tam Thanh,http://hinhnenhd.com/wp-content/uploads/2021/08/Tai-ngay-avt-trang-fb-moi-nhat-dep-nhat-doc-dao-12.jpg,UTC,356
357,Huong,,Male,123456789,"MXMH+47X, Ea Nuôi",http://hinhnenhd.com/wp-content/uploads/2021/08/Tai-ngay-avt-trang-fb-moi-nhat-dep-nhat-doc-dao-12.jpg,UTC,357
358,Phi,,Male,123456789,"Unnamed Road, Lương Sơn",http://hinhnenhd.com/wp-content/uploads/2021/08/Tai-ngay-avt-trang-fb-moi-nhat-dep-nhat-doc-dao-12.jpg,UTC,358
359,Nhat,,Male,123456789,"PVV3+VXF, Hướng Hiệp",http://hinhnenhd.com/wp-content/uploads/2021/08/Tai-ngay-avt-trang-fb-moi-nhat-dep-nhat-doc-dao-12.jpg,UTC,359
360,Hoang,,Male,123456789,"FW8V+75C, Phước Hiệp",http://hinhnenhd.com/wp-content/uploads/2021/08/Tai-ngay-avt-trang-fb-moi-nhat-dep-nhat-doc-dao-12.jpg,UTC,360
361,Kien,,Male,123456789,"Kinh số 3, ấp Bùng Binh, Hòa Khánh Tây",http://hinhnenhd.com/wp-content/uploads/2021/08/Tai-ngay-avt-trang-fb-moi-nhat-dep-nhat-doc-dao-12.jpg,UTC,361
362,Trang,,Male,123456789,"242 Nguyễn Văn Lượng, Phường 10",http://hinhnenhd.com/wp-content/uploads/2021/08/Tai-ngay-avt-trang-fb-moi-nhat-dep-nhat-doc-dao-12.jpg,UTC,362
363,Ngan,,Male,123456789,"34 đường Hai Bà Trưng, phường Linh Trung",http://hinhnenhd.com/wp-content/uploads/2021/08/Tai-ngay-avt-trang-fb-moi-nhat-dep-nhat-doc-dao-12.jpg,UTC,363
364,My,,Male,123456789,"01 Công xã Paris, Bến Nghé",http://hinhnenhd.com/wp-content/uploads/2021/08/Tai-ngay-avt-trang-fb-moi-nhat-dep-nhat-doc-dao-12.jpg,UTC,364
365,Hung,,Male,123456789,"1/47 Bình Đường 1, An Bình",http://hinhnenhd.com/wp-content/uploads/2021/08/Tai-ngay-avt-trang-fb-moi-nhat-dep-nhat-doc-dao-12.jpg,UTC,365
366,Anh,,Male,123456789,"Lê Hồng Phong, khu phố Đông Chiêu",http://hinhnenhd.com/wp-content/uploads/2021/08/Tai-ngay-avt-trang-fb-moi-nhat-dep-nhat-doc-dao-12.jpg,UTC,366
367,Diem,,Male,123456789,"214 Phước Tân, Bình Tân",http://hinhnenhd.com/wp-content/uploads/2021/08/Tai-ngay-avt-trang-fb-moi-nhat-dep-nhat-doc-dao-12.jpg,UTC,367
368,Trinh,,Male,123456789,"Tô Vĩnh Diện, Đường Đ. Mạc Đĩnh Chi, Đông Hoà",http://hinhnenhd.com/wp-content/uploads/2021/08/Tai-ngay-avt-trang-fb-moi-nhat-dep-nhat-doc-dao-12.jpg,UTC,368
369,Son,,Male,123456789,"Q4W3+V2C, Nhân Vũ",http://hinhnenhd.com/wp-content/uploads/2021/08/Tai-ngay-avt-trang-fb-moi-nhat-dep-nhat-doc-dao-12.jpg,UTC,369
370,Hien,,Male,123456789,"121 Dư Hàng, Hồ Nam",http://hinhnenhd.com/wp-content/uploads/2021/08/Tai-ngay-avt-trang-fb-moi-nhat-dep-nhat-doc-dao-12.jpg,UTC,370
371,Luong,,Male,123456789,"23RV+9RR, Unnamed Road",http://hinhnenhd.com/wp-content/uploads/2021/08/Tai-ngay-avt-trang-fb-moi-nhat-dep-nhat-doc-dao-12.jpg,UTC,371
372,Nam,,Male,123456789,"02 đường D5, Phường Phước Mỹ,  Mỹ Sơn",http://hinhnenhd.com/wp-content/uploads/2021/08/Tai-ngay-avt-trang-fb-moi-nhat-dep-nhat-doc-dao-12.jpg,UTC,372
373,Lam,,Male,123456789,"5949+4XR, ĐT722, Đa M'Rong",http://hinhnenhd.com/wp-content/uploads/2021/08/Tai-ngay-avt-trang-fb-moi-nhat-dep-nhat-doc-dao-12.jpg,UTC,373
374,Trung,,Male,123456789,"7J74+9J7, QL14, Tổ 1",http://hinhnenhd.com/wp-content/uploads/2021/08/Tai-ngay-avt-trang-fb-moi-nhat-dep-nhat-doc-dao-12.jpg,UTC,374
375,Han,,Male,123456789,37V7+GQ4,http://hinhnenhd.com/wp-content/uploads/2021/08/Tai-ngay-avt-trang-fb-moi-nhat-dep-nhat-doc-dao-12.jpg,UTC,375
376,Nguyen,,Male,123456789,"35, Unnamed Road, Mỹ Quý Đông",http://hinhnenhd.com/wp-content/uploads/2021/08/Tai-ngay-avt-trang-fb-moi-nhat-dep-nhat-doc-dao-12.jpg,UTC,376
377,Duc,,Male,123456789,"45, Thạnh Hoà",http://hinhnenhd.com/wp-content/uploads/2021/08/Tai-ngay-avt-trang-fb-moi-nhat-dep-nhat-doc-dao-12.jpg,UTC,377
378,Huong,,Male,123456789,"QL1A, Hoằng Quý",http://hinhnenhd.com/wp-content/uploads/2021/08/Tai-ngay-avt-trang-fb-moi-nhat-dep-nhat-doc-dao-12.jpg,UTC,378
379,Phi,,Male,123456789,"90 QL217, Vĩnh Tiến",http://hinhnenhd.com/wp-content/uploads/2021/08/Tai-ngay-avt-trang-fb-moi-nhat-dep-nhat-doc-dao-12.jpg,UTC,379
380,Nhat,,Male,123456789,"ĐT545, Nghĩa Tiến",http://hinhnenhd.com/wp-content/uploads/2021/08/Tai-ngay-avt-trang-fb-moi-nhat-dep-nhat-doc-dao-12.jpg,UTC,380
381,Hoang,,Male,123456789,"Giáo xứ Lai Ổn, Ấp Lộ Đức, Xã, Hố Nai 3",http://hinhnenhd.com/wp-content/uploads/2021/08/Tai-ngay-avt-trang-fb-moi-nhat-dep-nhat-doc-dao-12.jpg,UTC,381
382,Kien,,Male,123456789,"1 kiệt, 29 Hùng Vương",http://hinhnenhd.com/wp-content/uploads/2021/08/Tai-ngay-avt-trang-fb-moi-nhat-dep-nhat-doc-dao-12.jpg,UTC,382
383,Trang,,Male,123456789,30 Trường Chinh,http://hinhnenhd.com/wp-content/uploads/2021/08/Tai-ngay-avt-trang-fb-moi-nhat-dep-nhat-doc-dao-12.jpg,UTC,383
384,Ngan,,Male,123456789,"3494+9MX, Âu Cơ, Hoà Sơn",http://hinhnenhd.com/wp-content/uploads/2021/08/Tai-ngay-avt-trang-fb-moi-nhat-dep-nhat-doc-dao-12.jpg,UTC,384
385,My,,Male,123456789,34A Huỳnh Phan Hộ,http://hinhnenhd.com/wp-content/uploads/2021/08/Tai-ngay-avt-trang-fb-moi-nhat-dep-nhat-doc-dao-12.jpg,UTC,385
386,Hung,,Male,123456789,01 Đường Tạ An Khương,http://hinhnenhd.com/wp-content/uploads/2021/08/Tai-ngay-avt-trang-fb-moi-nhat-dep-nhat-doc-dao-12.jpg,UTC,386
387,Anh,,Male,123456789,"136C ĐT827, Khu phố Bình",http://hinhnenhd.com/wp-content/uploads/2021/08/Tai-ngay-avt-trang-fb-moi-nhat-dep-nhat-doc-dao-12.jpg,UTC,387
388,Diem,,Male,123456789,155 ấp An Lợi,http://hinhnenhd.com/wp-content/uploads/2021/08/Tai-ngay-avt-trang-fb-moi-nhat-dep-nhat-doc-dao-12.jpg,UTC,388
389,Trinh,,Male,123456789,199a Tam Thanh,http://hinhnenhd.com/wp-content/uploads/2021/08/Tai-ngay-avt-trang-fb-moi-nhat-dep-nhat-doc-dao-12.jpg,UTC,389
390,Son,,Male,123456789,"MXMH+47X, Ea Nuôi",http://hinhnenhd.com/wp-content/uploads/2021/08/Tai-ngay-avt-trang-fb-moi-nhat-dep-nhat-doc-dao-12.jpg,UTC,390
391,Hien,,Male,123456789,"Unnamed Road, Lương Sơn",http://hinhnenhd.com/wp-content/uploads/2021/08/Tai-ngay-avt-trang-fb-moi-nhat-dep-nhat-doc-dao-12.jpg,UTC,391
392,Luong,,Male,123456789,"PVV3+VXF, Hướng Hiệp",http://hinhnenhd.com/wp-content/uploads/2021/08/Tai-ngay-avt-trang-fb-moi-nhat-dep-nhat-doc-dao-12.jpg,UTC,392
393,Nam,,Male,123456789,"FW8V+75C, Phước Hiệp",http://hinhnenhd.com/wp-content/uploads/2021/08/Tai-ngay-avt-trang-fb-moi-nhat-dep-nhat-doc-dao-12.jpg,UTC,393
394,Lam,,Male,123456789,"Kinh số 3, ấp Bùng Binh, Hòa Khánh Tây",http://hinhnenhd.com/wp-content/uploads/2021/08/Tai-ngay-avt-trang-fb-moi-nhat-dep-nhat-doc-dao-12.jpg,UTC,394
395,Trung,,Male,123456789,"242 Nguyễn Văn Lượng, Phường 10",http://hinhnenhd.com/wp-content/uploads/2021/08/Tai-ngay-avt-trang-fb-moi-nhat-dep-nhat-doc-dao-12.jpg,UTC,395
396,Han,,Male,123456789,"34 đường Hai Bà Trưng, phường Linh Trung",http://hinhnenhd.com/wp-content/uploads/2021/08/Tai-ngay-avt-trang-fb-moi-nhat-dep-nhat-doc-dao-12.jpg,UTC,396
397,Nguyen,,Male,123456789,"01 Công xã Paris, Bến Nghé",http://hinhnenhd.com/wp-content/uploads/2021/08/Tai-ngay-avt-trang-fb-moi-nhat-dep-nhat-doc-dao-12.jpg,UTC,397
398,Duc,,Male,123456789,"1/47 Bình Đường 1, An Bình",http://hinhnenhd.com/wp-content/uploads/2021/08/Tai-ngay-avt-trang-fb-moi-nhat-dep-nhat-doc-dao-12.jpg,UTC,398
399,Huong,,Male,123456789,"Lê Hồng Phong, khu phố Đông Chiêu",http://hinhnenhd.com/wp-content/uploads/2021/08/Tai-ngay-avt-trang-fb-moi-nhat-dep-nhat-doc-dao-12.jpg,UTC,399
400,Phi,,Male,123456789,"214 Phước Tân, Bình Tân",http://hinhnenhd.com/wp-content/uploads/2021/08/Tai-ngay-avt-trang-fb-moi-nhat-dep-nhat-doc-dao-12.jpg,UTC,400
401,Nhat,,Male,123456789,"Tô Vĩnh Diện, Đường Đ. Mạc Đĩnh Chi, Đông Hoà",http://hinhnenhd.com/wp-content/uploads/2021/08/Tai-ngay-avt-trang-fb-moi-nhat-dep-nhat-doc-dao-12.jpg,UTC,401
402,Hoang,,Male,123456789,"Q4W3+V2C, Nhân Vũ",http://hinhnenhd.com/wp-content/uploads/2021/08/Tai-ngay-avt-trang-fb-moi-nhat-dep-nhat-doc-dao-12.jpg,UTC,402
403,Kien,,Male,123456789,"121 Dư Hàng, Hồ Nam",http://hinhnenhd.com/wp-content/uploads/2021/08/Tai-ngay-avt-trang-fb-moi-nhat-dep-nhat-doc-dao-12.jpg,UTC,403
404,Trang,,Male,123456789,"23RV+9RR, Unnamed Road",http://hinhnenhd.com/wp-content/uploads/2021/08/Tai-ngay-avt-trang-fb-moi-nhat-dep-nhat-doc-dao-12.jpg,UTC,404
405,Ngan,,Male,123456789,"02 đường D5, Phường Phước Mỹ,  Mỹ Sơn",http://hinhnenhd.com/wp-content/uploads/2021/08/Tai-ngay-avt-trang-fb-moi-nhat-dep-nhat-doc-dao-12.jpg,UTC,405
406,My,,Male,123456789,"5949+4XR, ĐT722, Đa M'Rong",http://hinhnenhd.com/wp-content/uploads/2021/08/Tai-ngay-avt-trang-fb-moi-nhat-dep-nhat-doc-dao-12.jpg,UTC,406
407,Hung,,Male,123456789,"7J74+9J7, QL14, Tổ 1",http://hinhnenhd.com/wp-content/uploads/2021/08/Tai-ngay-avt-trang-fb-moi-nhat-dep-nhat-doc-dao-12.jpg,UTC,407
408,Anh,,Male,123456789,37V7+GQ4,http://hinhnenhd.com/wp-content/uploads/2021/08/Tai-ngay-avt-trang-fb-moi-nhat-dep-nhat-doc-dao-12.jpg,UTC,408
409,Diem,,Male,123456789,"35, Unnamed Road, Mỹ Quý Đông",http://hinhnenhd.com/wp-content/uploads/2021/08/Tai-ngay-avt-trang-fb-moi-nhat-dep-nhat-doc-dao-12.jpg,UTC,409
410,Trinh,,Male,123456789,"45, Thạnh Hoà",http://hinhnenhd.com/wp-content/uploads/2021/08/Tai-ngay-avt-trang-fb-moi-nhat-dep-nhat-doc-dao-12.jpg,UTC,410
411,Son,,Male,123456789,"QL1A, Hoằng Quý",http://hinhnenhd.com/wp-content/uploads/2021/08/Tai-ngay-avt-trang-fb-moi-nhat-dep-nhat-doc-dao-12.jpg,UTC,411
412,Hien,,Male,123456789,"90 QL217, Vĩnh Tiến",http://hinhnenhd.com/wp-content/uploads/2021/08/Tai-ngay-avt-trang-fb-moi-nhat-dep-nhat-doc-dao-12.jpg,UTC,412
413,Luong,,Male,123456789,"ĐT545, Nghĩa Tiến",http://hinhnenhd.com/wp-content/uploads/2021/08/Tai-ngay-avt-trang-fb-moi-nhat-dep-nhat-doc-dao-12.jpg,UTC,413
414,Nam,,Male,123456789,"Giáo xứ Lai Ổn, Ấp Lộ Đức, Xã, Hố Nai 3",http://hinhnenhd.com/wp-content/uploads/2021/08/Tai-ngay-avt-trang-fb-moi-nhat-dep-nhat-doc-dao-12.jpg,UTC,414
415,Lam,,Male,123456789,"1 kiệt, 29 Hùng Vương",http://hinhnenhd.com/wp-content/uploads/2021/08/Tai-ngay-avt-trang-fb-moi-nhat-dep-nhat-doc-dao-12.jpg,UTC,415
416,Trung,,Male,123456789,30 Trường Chinh,http://hinhnenhd.com/wp-content/uploads/2021/08/Tai-ngay-avt-trang-fb-moi-nhat-dep-nhat-doc-dao-12.jpg,UTC,416
417,Han,,Male,123456789,"3494+9MX, Âu Cơ, Hoà Sơn",http://hinhnenhd.com/wp-content/uploads/2021/08/Tai-ngay-avt-trang-fb-moi-nhat-dep-nhat-doc-dao-12.jpg,UTC,417
418,Nguyen,,Male,123456789,34A Huỳnh Phan Hộ,http://hinhnenhd.com/wp-content/uploads/2021/08/Tai-ngay-avt-trang-fb-moi-nhat-dep-nhat-doc-dao-12.jpg,UTC,418
419,Duc,,Male,123456789,01 Đường Tạ An Khương,http://hinhnenhd.com/wp-content/uploads/2021/08/Tai-ngay-avt-trang-fb-moi-nhat-dep-nhat-doc-dao-12.jpg,UTC,419
420,Huong,,Male,123456789,"136C ĐT827, Khu phố Bình",http://hinhnenhd.com/wp-content/uploads/2021/08/Tai-ngay-avt-trang-fb-moi-nhat-dep-nhat-doc-dao-12.jpg,UTC,420
421,Phi,,Male,123456789,155 ấp An Lợi,http://hinhnenhd.com/wp-content/uploads/2021/08/Tai-ngay-avt-trang-fb-moi-nhat-dep-nhat-doc-dao-12.jpg,UTC,421
422,Nhat,,Male,123456789,199a Tam Thanh,http://hinhnenhd.com/wp-content/uploads/2021/08/Tai-ngay-avt-trang-fb-moi-nhat-dep-nhat-doc-dao-12.jpg,UTC,422
423,Hoang,,Male,123456789,"MXMH+47X, Ea Nuôi",http://hinhnenhd.com/wp-content/uploads/2021/08/Tai-ngay-avt-trang-fb-moi-nhat-dep-nhat-doc-dao-12.jpg,UTC,423