id,name,description,thumbnail,price,quantity,sold,available,rating,rating_count,view,slug,category_id,store_id
0,"Avery Printable Tent Cards, Laser &amp; Inkjet Printers, 100 Cards, 2.5 x 8.5 (5305)","Leave a lasting impression on guests at your events, meetings, parties and more with these 2.5 x 8.5 folding tent cards",https://images-na.ssl-images-amazon.com/images/I/31SjFTtzjsL.jpg ,15,10,3,True,5,32,0,avery-printable-tent-cards-inkjet-printers,19,2
1,"Mead Loose Leaf Paper, Filler Paper, Wide Ruled, 200 Sheets, 10-1/2&quot; x 8&quot;, 3 Hole Punched, 1 Pack (15200)",Mead filler paper is standard notebook paper that is great for all kinds of notetaking needs, https://images-na.ssl-images-amazon.com/images/I/31U86mt4%2BiL.jpg ,4,10,3,True,5,25,0,200-sheets-of-paper,15,3
2,"Mead Loose Leaf Paper, Filler Paper, College Ruled, 200 Sheets, 10-1/2&quot; x 8&quot;, 3 Hole Punched, 1 Pack (15326)",Mead filler paper is standard notebook paper that is great for all kinds of notetaking needs., https://images-na.ssl-images-amazon.com/images/I/310OWmw49AL.jpg ,4,10,3,True,5,81,0,leaf-filler-paper-college-ruled,9,3
3,"Swingline Paper Trimmer, Guillotine Paper Cutter, 15&quot; Cut Length, 10 Sheets Capacity, ClassicCut Lite (9315)","The Swingline ClassicCut Lite Guillotine Trimmer is simple, steady and precise, with a sharp guillotine blade that cuts through papers with ease and an alignment grid that ensures accuracy. ", https://images-na.ssl-images-amazon.com/images/I/51Cx5dpvA-L.jpg ,27,10,3,True,5,5,0,swingline-paper-trimmer-guillotine-paper-cutter,11,0
4,"Avery 8-Tab Binder Dividers, Easy Print &amp; Apply Clear Label Strip, Index Maker, White Tabs, 1 Set (11417)","Don't work harder, work smarter: easily and quickly organize your presentations, projects and reference materials with these easy-to-customize 8-tab white dividers with white tabs", https://images-na.ssl-images-amazon.com/images/I/41pL5MyavxL.jpg ,6,10,3,True,5,42,0,avery-8-tab-binder-dividers,20,2
5,"Wilson Jones 55567 View-Tab Transparent Index Dividers, 8-Tab, Rectangle, Letter, Assorted (Box of 5 Sets)",View-Tab Transparent dividers have transparent polypropylene tabs that let you print all tab titles on one standard sheet of paper; no more tiny inserts., https://images-na.ssl-images-amazon.com/images/I/512r7OlVjEL.jpg ,20,10,3,True,5,96,0,transparent-index-dividers,15,4
6,"Mead Composition Book/Notebook, Wide Ruled Paper, 100 Sheets (09910)",Mead Composition Book / Notebook, https://images-na.ssl-images-amazon.com/images/I/41%2BAdwuv0lL.jpg ,15,10,3,True,5,6,0,mead-composition-book,2,8
7,"Five Star Spiral Notebook, 1 Subject, College Ruled Paper, 100 Sheets, 11&quot; x 8-1/2&quot;, Color Selected For You (06044)",LASTS ALL YEAR. GUARANTEED! High-quality paper resists ink bleed 1 subject; 100 college ruled sheets., https://images-na.ssl-images-amazon.com/images/I/511KblFCLOL.jpg ,10,10,3,True,5,56,0,five-star-spiral-notebook-subject,12,7
8,"Scotch Desk Tape Dispenser, 1in. Core, Black",Scotch classic desktop tape dispenser C-38 is made from 100% recycled plastic, https://images-na.ssl-images-amazon.com/images/I/41qwc6VoA7L.jpg ,6,10,3,True,5,62,0,scotch-desk-tape-dispenser,10,8
9,"Swingline Stapler, Eco Version Desktop Stapler, 15 Sheet Capacity, Black (7054501)",Standard Full Strip Desk Stapler, https://images-na.ssl-images-amazon.com/images/I/515PxZjnsLL.jpg ,8,10,3,True,5,77,0,swingline-stapler-eco-version-desktop-stapler,16,8
10,"Avery 5881 Print-to-the-Edge Microperf Business Cards, Color Laser, 2 x 3 1/2, White (Pack of 160)",Make the right impression every time with customizable Laser Business Cards, https://images-na.ssl-images-amazon.com/images/I/51fCKAmDKZL.jpg ,16,10,3,True,5,67,0,avery-5881-print-to-the-edge-microperf-business-cards,8,0
11,"Avery Printable Business Cards, Inkjet Printers, 200 Cards, 2 x 3.5, Clean Edge, Heavyweight, Ivory (8876)","Make the best impression on important clients, partners and prospective customers with this pack of 200 premium customizable business cards", https://images-na.ssl-images-amazon.com/images/I/31SzTr6zAqL.jpg ,10,10,3,True,5,27,0,avery-printable-business-cards-inkjet-printers,2,4
12,"Wilson Jones Basic View Binder, Round Ring, 1 Inch, White",Customizable covers and spine allow you to create the perfect presentation, https://images-na.ssl-images-amazon.com/images/I/213nhtnFvXL.jpg ,7,10,3,True,5,3,0,wilson-jones-basic-view-binder-and-round-ring,15,7
13,"Wilson Jones 3 Inch 3 Ring Binder, Basic Round Ring View Binder, White (W362-49W)",Customizable covers and spine allow you to create the perfect presentation, https://images-na.ssl-images-amazon.com/images/I/31dBCDuSOoL.jpg ,6,10,3,True,5,23,0,wilson-jones-binder,19,9
14,"Avery Brochures for Color Laser Printers 8.5 x 11, White, Glossy, Pack of 50 (5884)",Create colorful Communications with your printer,https://m.media-amazon.com/images/I/81CVA3whKLL._SY355_.jpg,13,10,3,True,5,81,0,avery-brochures-for-color-laser-printers ,14,8
15,"Scotch Magic Tape, 3/4 x 300-inches-Transparent-3 ct (3105)","Scotch(R) Magic(TM) Tape is the original matte finish, invisible tape", https://images-na.ssl-images-amazon.com/images/I/51go2sFOuYL.jpg ,7,10,3,True,5,66,0,transparent-adhesive-tape,13,6
16,"Avery Printable  Large Tent Cards, Laser &amp; Inkjet Printers, 50 Cards, 3.5 x 11 (5309), White","Make a professional impression on guests at your events, meetings, parties and more with this pack of 50 folding tent cards", https://images-na.ssl-images-amazon.com/images/I/31vfj7U7AoL.jpg ,14,10,3,True,5,47,0,avery-printable-large-tent-cards-inkjet-printers,19,5
17,Scotch Thermal Laminator 2 Roller System (TL901C),Use the Scotch 3M TL901 Thermal Laminator with Scotch Thermal Laminating Pouches up to 9 wide, https://images-na.ssl-images-amazon.com/images/I/41DENlVR68L.jpg ,5,10,3,True,5,17,0,scotch-thermal-laminator-2-roller-system ,7,1
18,"Mead Lined Index Cards, Note Cards, Ruled, 100 Count,  3&quot; x 5&quot;, White (63350)",, https://images-na.ssl-images-amazon.com/images/I/41xOch4Q8aL.jpg ,3,10,3,True,5,20,0,mead-lined-index-cards-note-cards-ruled,6,1
19,"Avery Place Cards, Laser &amp; Inkjet Printers, 160 Printable Cards, 2 x 3.5 (5302), White","Make an unforgettable impression on guests at your parties, events and meetings with these custom-printed tent cards", https://images-na.ssl-images-amazon.com/images/I/3106KnfaHNL.jpg ,12,10,3,True,5,88,0,avery-place-cards-inkjet-printers,18,1
20,"Swingline Rubber Finger Tips, Size 11 1/2, Medium, 12/Box (54035)",Swingline Finger Tips are constructed of high grade rubber and feature extra thick material at tip to provide maximum durability, https://images-na.ssl-images-amazon.com/images/I/41MR--aEkHL.jpg ,3,10,3,True,5,26,0,swingline-rubber-finger-tips,14,4
21,"Quartet Dry Erase Markers, Whiteboard Markers, Fine Tip, EnduraGlide, BOLD COLOR, Assorted Colors, 4 Pack (5001-10M)","Quartet EnduraGlide Dry-Erase Markers deliver strong bold color every time, to ensure that your message is distinct and legible.", https://images-na.ssl-images-amazon.com/images/I/519fxl1iLfL.jpg ,7,10,3,True,5,43,0,quartet-dry-erase-markers-whiteboard-markers-fine-tip-enduraglide,10,3
22,"Smead Organizer File Folder, 1/3-Cut Tab, Letter Size, Assorted Colors, 3 per Pack (85785)",A whole new way to keep multiple projects and loose documents separate and organized,https://m.media-amazon.com/images/I/71X4QmtxdzL._SL1300_.jpg,12,10,3,True,5,71,0,smead-organizer-file-folder,8,7
23,"Wilson Jones Frosted Front Report Covers with Pocket, 3-Hole Punched, Black, 5 Covers per Pack (W71120)","The quality, style, and innovation of Wilson Jones presentation supplies prove why the brand has been trusted and used for over 100 years", https://images-na.ssl-images-amazon.com/images/I/411MOQVDcqL.jpg ,7,10,3,True,5,48,0,wilson-jones-frosted-front-report-covers-with-pocket,17,8
24,"Avery Folded Two-Side Printable Clean Edge Business Cards for Inkjet Printers, White, Matte, Pack of 120 (8820)","Avery Folded Two-Side Printable Clean Edge Business Cards for Inkjet Printers, White, Matte, Pack of 120", https://images-na.ssl-images-amazon.com/images/I/51xsH2Ye41L.jpg ,20,10,3,True,5,88,0,business-cards-for-inkjet-printers,5,8
25,"Five Star Filler Paper, Graph Ruled Paper, 100 Sheets/Pack, 11&quot; x 8-1/2&quot;, Reinforced, Loose Leaf, White (17016)",Choose reinforced filler paper for better performance, https://images-na.ssl-images-amazon.com/images/I/41c55J6yVjL.jpg ,6,10,3,True,5,22,0,five-star-filler-paper-graph-ruled-paper,17,6
26,"Swingline GBC Retractable Badge Reel, Translucent Primary Color Assortment, 5 Pack (37472)","Carrying your ID badge around doesnt have to be a bother, especially if youve got a fun, bright badge reel to clip it onto", https://images-na.ssl-images-amazon.com/images/I/51LazA8qnzL.jpg ,11,10,3,True,5,6,0,swingline-gbc-retractable-badge-reel,7,3
27,"Wilson Jones Recycled Bliss Dividers, 5-Tab, Assorted Designs (W31504)",Recycle dividers add the finishing eco touch to your binder, https://images-na.ssl-images-amazon.com/images/I/41QbCpalc3L.jpg ,7,10,3,True,5,85,0,wilson-jones-recycled-bliss-dividers,15,7
28,"Mead Spiral Notebook, 3 Subject, Wide Ruled Paper, 120 Sheets, 10-1/2&quot; x 7-1/2&quot;, Blue (72223)","A great choice for any notetaking need, this classic 3 subject spiral notebook includes 120 sheets.", https://images-na.ssl-images-amazon.com/images/I/31nFrmYOIoL.jpg ,6,10,3,True,5,1,0,mead-spiral-notebook,2,8
29,"Swingline Staples, S.F. 4, Premium, 1/4&quot; Length, 210/Strip, 5000/Box, 1 Box (35450)",Swingline S.F. 4 Premium Staples provide strength and durability for dependable stapling, https://images-na.ssl-images-amazon.com/images/I/51F7FJhtQsL.jpg ,6,10,3,True,5,43,0,swingline-staples,1,5
30,"Brother Genuine High Yield Toner Cartridge, TN450, Replacement Black Toner, Page Yield Up To 2,600 Pages",from Brother products. The Brother TN-450 replacement laser black toner cartridge is for use with 16 Brother products, https://images-na.ssl-images-amazon.com/images/I/51J5U1MyjNL.jpg ,54,10,3,True,5,95,0,brother genuine high yield toner cartridge,18,3
31,Brother HL-2270DW Compact Laser Printer with Wireless Networking and Duplex,"The hl-2270dw is a compact, monochrome laser printer with built-in wireless and ethernet network interfaces for small office or home office printer sharing", https://images-na.ssl-images-amazon.com/images/I/31iX42SeTHL.jpg ,18,10,3,True,5,62,0,brother-hl-2270dw-compact-laser-printer ,8,2
32,"Bostitch QuietSharp Vertical Executive Electric Pencil Sharpener, Black (EPS9V-BLK)",Bostitch QuietSharp Executive EPS9V-BLK Vertical Electric Pencil Sharpener, https://images-na.ssl-images-amazon.com/images/I/41MGOvL7kIL.jpg ,20,10,3,True,5,81,0,bostitch-quietsharp-vertical-executive-electric-pencil-sharpener,18,7
33,"Wilson Jones Durable Hinge Poly Binder with Removable Ring, 1 Inch, Brown (W31922)",Durable binder is without compromising style Made of foam polypropylene 1 Inch capacity ring (175 sheets) is removable; separate ring from binder to recycle separately 1 inside pocket and business card holder Brown, https://images-na.ssl-images-amazon.com/images/I/41xSn89msoL.jpg ,12,10,3,True,5,0,0,wilson-jones-durable-hinge-poly-binder,19,0
34,"Bostitch Antimicrobial QuietSharp Glow  Extra Heavy Duty Classroom Electric Pencil Sharpener with Replaceable Cutter Cartridge System, Silver/Black (EPS11HC)","The QuietSharp Glow provides the ultimate blend of performance, safety, and style for the classroom or studion", https://images-na.ssl-images-amazon.com/images/I/51qh6IGmY3L.jpg ,41,10,3,True,5,63,0,electric-pencil-sharpener,6,7
35,"GP Copy &amp; Print Paper, 8.5 x 11 Inches Letter Size, 92 Bright White, 20 Lb, Ream of 500 Sheets (998067R)","For simple documents and projects, choose GP Copy and Print Paper",https://m.media-amazon.com/images/I/51hpC3HXjHL._AC_.jpg,14,10,3,True,5,68,0,gp-copy&amp-print-paper,14,8
36,"Avery Easy Peel, Print-To-The-Edge, Permanent White Square Labels, True Block, 1.5&quot; x 1.5&quot;, Pack of 600 (22805)",Never has a label packed so much punch, https://images-na.ssl-images-amazon.com/images/I/51eXI2Hep6L.jpg ,10,10,3,True,5,50,0,avery-easy-peel-print-to-the-edge,3,9
37,"Avery Two-Side Printable Clean Edge Rounded Corner Business Cards for Inkjet Printers, White, Pack of 160 (88220)",A successful business needs to stand out from the crowd, https://images-na.ssl-images-amazon.com/images/I/51wV3J2hQQL.jpg ,15,10,3,True,5,55,0,avery-two-side-printable,19,0
38,AmazonBasics 12-Sheet Cross-Cut Paper Shredder and Shredder Sharpening &amp; Lubricant Sheets (Pack of 24) Bundle,Take the machine out of laminating with these Self-Laminating Business Cards,https://encrypted-tbn0.gstatic.com/images?q=tbn:ANd9GcRPIU2_M0ZGvfuMxo195xIxCRHdeQ7tdti8Cj9bJ_iDFSff1k5_oTzSPbDKaZvF3XeZM04&usqp=CAU,121,10,3,True,5,20,0,amazonbasics-cross-cut-paper-shredder-lubricant-bundle,11,6
39,"Avery Durable Self- Laminating Business Cards Pack of 20, White (75361)",Take the machine out of laminating with these Self-Laminating Business Cards,https://images-na.ssl-images-amazon.com/images/I/41vobrnXEjL.jpg ,30,10,3,True,5,32,0,avery-durable-self-laminating-business-cards,11,5
40,"Smead MO File Folder Starter Kit, Letter Size, Assorted Colors, 9 per Pack (11803)",MO file kits provide guidance for documents organization, https://images-na.ssl-images-amazon.com/images/I/41nfpj1bG4L.jpg ,4,10,3,True,5,17,0,smead-mo-file-folder-starter-kit,4,4
41,"Smead SuperTab Lockit Two-Pocket Folder, Extra Wide 1/3-Cut Tab First Position, Letter Size, Blue, 5 per Pack (87964)","The SuperTab Lockit two-pocket folder has a built-in tab, making it easy to label and file", https://images-na.ssl-images-amazon.com/images/I/51Ji34KSs6L.jpg ,10,10,3,True,5,2,0,smead-super-tab-lockit-two-pocket-folder,14,2
42,"Smead MO File Case, Holds up to 350 Sheets, Full-Height Sides, Letter Size, Navy (92020)","Instant organization for the desktop, drawer or shelf", https://images-na.ssl-images-amazon.com/images/I/41RQxvXGL8L.jpg ,10,10,3,True,5,38,0,smead-mo-file-case,7,4
43,"Avery Blank Printable Tickets, Tear-Away Stubs, Perforated Raffle Tickets, Pack of 200 (16154)",Create a buzz for your event or fundraiser by printing professional tickets from your own computer or tablet, https://images-na.ssl-images-amazon.com/images/I/31Jpxmb8mBL.jpg,7,10,3,True,5,72,0,avery-blank-printable-tickets,20,0
44,"Fellowes Recyclable Binding Covers Ultra Clear, 7 Mil, Letter, 100 Pack (5242401)",Transparent cover to highlight your title page, https://images-na.ssl-images-amazon.com/images/I/41gYLyVOC0L.jpg ,22,10,3,True,5,48,0,fellowes-recyclable-binding-covers-ultra-clear,1,5
45,"Smead Erasable SuperTab File Folder, Oversized Erasable 1/3-Cut Tab, Letter Size, Manila, 24 per Pack (10380)",Find critical files fast with SuperTab folders, https://images-na.ssl-images-amazon.com/images/I/31ZVi3y3iCL.jpg,19,10,3,True,5,42,0,smead-erasable-supertab-file-folder,8,0
46,"Smead Erasable FasTab Hanging File Folder, 1/3-Cut Built-In Tab, Letter Size, Moss, 20 per Box (64032)","If its worth hanging on to, it deserves a Smead hanging file", https://images-na.ssl-images-amazon.com/images/I/51TBSdcXsZL.jpg,13,10,3,True,5,19,0,smead-erasable-fastab-hanging-file-folder,14,6
47,"Smead Organized Up Heavyweight Vertical File Folders, Dual Tabs, Letter Size, Earth Tones, 6 per Pack (75405)",Organized Up heavyweight vertical file folders let you file and organize your documents upright like you print and read them, https://images-na.ssl-images-amazon.com/images/I/41r1FN5okoL.jpg,6,10,3,True,5,6,0,smead-organized-up-heavyweight-vertical-file-folders,4,9
48,"Canon Office and Business MX922 All-In-One Printer, Wireless and mobile printing","The Canon PIXMA MX922 Energy Star Wireless Inkjet Office All-in-One Printer prints in black and white at 15 ipm, in color at 10 ipm, and can output a borderless 4.0 x 6.0-inch photo in 21 seconds", https://images-na.ssl-images-amazon.com/images/I/41Z%2BBgsSg3L.jpg,0,10,3,True,5,35,0,canon-office-and-business-mx922-all-in-one-printer,6,4
49,"Avery Matte White Flyers with Tear-Away Cards, 2.1 x 3.3 Inches, Pack of 120 Cards (16151)","Easily brand, merchandise and promote your business with a little help from Avery", https://images-na.ssl-images-amazon.com/images/I/51C%2B4PvMKwL.jpg,15,10,3,True,5,35,0,avery-matte-white-flyers-with-tear-away-cards,4,7
50,RFID Blocking Sleeves 10 Credit Card and 2 Passport Protectors,Rather Secure Than Sorry Technology can be captivating, https://images-na.ssl-images-amazon.com/images/I/51p5LVLFwiL.jpg,8,10,3,True,5,82,0,rfid-blocking-sleeves,10,4
51,"Wilson Jones Heavy Duty Round Ring View Binder with Extra Durable Hinge, 1 Inch, Customizable, White (W363-14WA)","When you are looking for a binder that will last, Heavy Duty is the easy choice", https://images-na.ssl-images-amazon.com/images/I/51NMn3rkpSL.jpg,10,10,3,True,5,96,0,wilson-jones-heavy-duty-round-ring-view-binder-1-inch,2,6
52,"Wilson Jones Heavy Duty Round Ring Binder with Extra Durable Hinge, 1.5-Inch, Bright Pink (W364-34-212)","Features our strongest binder covers and extra durable hinge for years of reliable use, 1 1/2 inch round ring binder holds 350 sheets, Custom formulated, PVC Free polypro material lasts up to 10X longer than vinyl, Never-gap rings close tightly to keep papers secure, Two interior pockets provide additional storage", https://images-na.ssl-images-amazon.com/images/I/51p4CFeea2L.jpg,30,10,3,True,5,15,0,wilson-jones-heavy-duty-round-ring-binder-1.5-inch,16,7
53,"Wilson Jones Heavy Duty Round Ring View Binder with Extra Durable Hinge, 1 Inch, Customizable, Purple (W363-14-267)","When you are looking for a binder that will last, Heavy Duty is the easy choice", https://images-na.ssl-images-amazon.com/images/I/51sZg3GJvbL.jpg,30,10,3,True,5,28,0,wilson-jones-heavy-duty-round-ring-view-binder1-inch,17,9
54,"The Packaging Wholesalers 3 Cubic Feet 18-1/8 x 18 x 16 Inches Medium Moving Box with 32 ECT Room Locator Check-Off Box (BS181816MMB),20 Pack",Deluxe Moving Boxesare printed with This Side Up Arrows and feature convenient check boxes for In-House room destinations.   Enjoy this product and more from the Packaging Wholesalers,https://www.progressivepp.com/wp-content/uploads/2019/09/35847594_s.jpg,107,10,3,True,5,59,0,the packaging-wholesalers ,4,1
55,Scotch Expressions Magic Tape/ 3/4 x 300 Inches/Tribal/ Blue/Green/ 3-Rolls/Pack (C214-3PK-4),"Scotch Expressions Magic Tape comes in a variety of colors and designs so you can decorate and personalize your projects. It features a unique adhesive that holds paper securely. Available in 3/4"" width.",https://images-na.ssl-images-amazon.com/images/I/41ygmsmh%2B6L.jpg,10,10,3,True,5,42,0,scotch-expressions-magic-tape,17,9
56,"Mead Spiral Notebooks, 1 Subject, Wide Ruled Paper, 70 Sheets, 10-1/2&quot; x 7-1/2&quot;, Color Selected For You, 4 Pack (72873)","Stay Organized Mead notebooks are a school supply essential. There is no easier way to keep your class notes organized, as the pages never slip out", https://images-na.ssl-images-amazon.com/images/I/41uN2T-1pfL.jpg,8,10,3,True,5,74,0,mead-spiral-notebooks,13,8
57,"Quartet Push Pins, 1-Inch, Assorted Colors, 30 Pack (27954)",Push pins allow you to secure items to any tackable surface quickly and easily, https://images-na.ssl-images-amazon.com/images/I/517rh72wk3L.jpg,5,10,3,True,5,28,0,quartet-push-pins,4,5
58,"BasicTalk HT701 Home Phone Service, Includes 1 Free Month","Single FXS telephone port (supporting 5 REN) single 10/100M Ethernet port- LEDs for power, internet, LINK/ACT, and phone status- Strong security protection of voice/data privacy using TLS/ SRTP/ HTTPS, secure and automated provisioning using TR069 and H", https://images-na.ssl-images-amazon.com/images/I/21Rm9ekO4JL.jpg,6,10,3,True,5,22,0,basictalk-ht701-home-phone-service,9,3
59,Epson XP-310 Wireless Color Photo Printer with Scanner and Copier (Discontinued by Manufacturer),"Ideal for any project, the affordable Expression Home XP-310 offers incredible wireless capabilities in a sleek, space-saving design",https://images-na.ssl-images-amazon.com/images/I/51NMn3rkpSL.jpg,16,10,3,True,5,67,0,epson-xp-310-wireless-color-photo-printer-with-scanner-and-copier,6,4
60,"Wilson Jones Ultra Duty Round Ring View Binder with Extra Durable Hinge, 1 Inch, Customizable, White (W87902PP2)","Wilson Jones Ultra Duty Views Binders keep your papers secure, but have convenient round rings that are easy to open", https://images-na.ssl-images-amazon.com/images/I/51iBwFFCmhL.jpg,7,10,3,True,5,63,0,wilson-jones-ultra-duty-round-ring-view-binder-1-inch,18,4
61,"Wilson Jones Ultra Duty Round Ring View Binder with Extra Durable Hinge, 1.5 Inch, Customizable, White (W87905PP2)","Wilson Jones Ultra Duty Views Binders keep your papers secure, but have convenient round rings that are easy to open", https://images-na.ssl-images-amazon.com/images/I/51iBwFFCmhL.jpg,8,10,3,True,5,32,0,wilson-jones-ultra-duty-round-ring-view-binder-1.5-inch,16,7
62,"Wilson Jones Ultra Duty Round Ring View Binder with Extra Durable Hinge, 2 Inch, Customizable, White (W87908PP3)","Wilson Jones Ultra Duty Views Binders keep your papers secure, but have convenient round rings that are easy to open", https://images-na.ssl-images-amazon.com/images/I/51iBwFFCmhL.jpg,8,10,3,True,5,32,0,wilson-jones-ultra-duty-round-ring-view-binder-2-inch,3,4
63,"Wilson Jones 2 Inch 3 Ring Binder, Heavy Duty D-Ring View Binder, Extra Durable Hinge, White (W385-44WPP2)","Wilson Jones Heavy Duty Binders are made from polypropylene, a neutral plastic that is extremely durable", https://images-na.ssl-images-amazon.com/images/I/51YaoHLWVyL.jpg,16,10,3,True,5,95,0,wilson-jones-2-inch-3-ring-binder-and-heavy-duty-d-ring-view-binder,19,2
64,"Wilson Jones 1-1/2 Inch 3 Ring Binder, Heavy Duty D-Ring View Binder, Extra Durable Hinge, White (W385-34WPP1)","Wilson Jones Heavy Duty Binders are made from polypropylene, a neutral plastic that is extremely durable.", https://images-na.ssl-images-amazon.com/images/I/51ADCpIxscL.jpg,9,10,3,True,5,34,0,wilson-jones-1-1/2-inch-3-ring-binder-and-heavy-duty-d-ring-view-binder,14,2
65,"Avery Adhesive Round Display Cards, Matte White, 3.75-Inch Diameter, Pack of 40 Cards (16153)","Tired of tent cards falling down or flying away from your displays? Then round out your marketing plan with these unique, customizable adhesive cards that give you a professionally printed look while staying put", https://images-na.ssl-images-amazon.com/images/I/51ae0JtYbqL.jpg,9,10,3,True,5,95,0,avery-adhesive-round-display-cards,1,2
66,"Avery No-Iron Kids Clothing Labels, Washer &amp; Dryer Safe, Writable Fabric Labels, 45 Assorted Shapes &amp; Sizes (40700) -Package may vary",Make sure clothing always gets returned to its rightful owner with these no-iron kids clothing labels, https://images-na.ssl-images-amazon.com/images/I/41mM3XxeNsL.jpg,9,10,3,True,5,72,0,avery-no-iron-kids-clothing-labels,3,7
67,"Avery Textured Scroll Oval Label, White, 2.5-Inch x 1.5-Inch, Pack of 45 (80501)","Premium Products You Can Personalize for any Celebration or EventPersonal Celebrations, Add a special touch to all your celebrations with our new collection of versatile, do-it-yourself products.", https://images-na.ssl-images-amazon.com/images/I/51%2BkOBiQX1L.jpg,7,10,3,True,5,62,0,avery-textured-scroll-oval-label,4,7
68,"Avery Textured White Menu Cards, 8.5 x 3.66 Inches, Pack of 75 (16110)","Premium Products You Can Personalize for any Celebration or Event Personal Celebrations, Add a special touch to all your celebrations with our new collection of versatile, do-it-yourself products", https://images-na.ssl-images-amazon.com/images/I/51vL96XND%2BL.jpg,7,10,3,True,5,95,0,avery-textured-white-menu-cards,16,0
69,"Avery 3.25 x 2.25 Inches Printable Self-Laminating ID Labels, Pack of 10, White (00761)","These self-laminating labels are designed to withstand wear and tear, sun and moisture and other harsh conditions, making them ideal for identifying items in warehouses, storage rooms, worksites, hospitals and classrooms", https://images-na.ssl-images-amazon.com/images/I/31GsC9tXk3L.jpg ,5,10,3,True,5,62,0,avery-3.25x2.25-inches-printable-self-laminating-id-labels,20,4
70,"BIC Kids Mechanical Pencil, 1.3mm, Pink Barrel, 1-Count","IntroducingBIC Kids! The BIC Kids products were designed with a Guiding Line to direct finger placement, a Grip for easier holding and a place to personalize", https://images-na.ssl-images-amazon.com/images/I/319v3vSO4QL.jpg,5,10,3,True,5,94,0,bic-kids-mechanical-pencil,17,3
71,"Five Star Locker Accessories, Locker Storage Pocket with Dry Erase Surface, Magnetic, White with Red Pocket (72616)","Large pocket stores pens, markers, your cell phone, and other small items; Lasts All Year. Guaranteed!* Built Strong To Last Long", https://images-na.ssl-images-amazon.com/images/I/41cYDWdhkmL.jpg,8,10,3,True,5,61,0,five-star-locker-accessories,14,5
72,"Five Star Spiral Notebook, 1 Subject, College Ruled Paper, 100 Sheets, 11&quot; x 8-1/2&quot; Sheet Size, Orange (72448)","One-subject plastic cover notebook has 100 college-ruled, 11 x 8.5 inch,3-hole punched sheets", https://images-na.ssl-images-amazon.com/images/I/41oV0r8QU5L.jpg ,8,10,3,True,5,57,0,five-star-spiral-notebook,2,5
73,"Avery 0.625 x 3.5 Inches Durable Labels for Kids Gear, Assorted, Pack of 35 (41440)",Help keep track of your kids gear with these brightly colored Durable Labels,https://i5.walmartimages.com/asr/5e9f3662-cab5-4c44-a3d3-1c30e74a73fe.2d2290b90f30388a4218e5da2c3fed50.png?odnHeight=612&odnWidth=612&odnBg=FFFFFF,10,10,3,True,5,81,0,avery-0.625x3.5-inches-durable-labels,14,0
74,"Post-it Notebook Kit, 2 in x 2 in Full Adhesive Notes, 25-Sheet Pad, 1/2-Inch Arrow Flags, 5-Colors, 100-Flags (ED-FLIPOUTM)",Post-it Notebook Kit helps you stay organized and productive, https://images-na.ssl-images-amazon.com/images/I/31LDwrdXLtL.jpg,12,10,3,True,5,33,0,post-it-notebook-kit,9,0
75,"Fellowes I-Spire Series Pencil &amp; Phone Station Smartphone Stand, White/Gray (9381301)",Fellowes I-Spire Series Pencil & Phone Station Smartphone Stand, https://images-na.ssl-images-amazon.com/images/I/41WdfNDMUTL.jpg,19,10,3,True,5,58,0,fellowes-i-spire-series-pencil&amp-and-phone-station-smartphone-stand,20,9
76,"Avery Self-Laminating ID Labels, Handwrite, 0.66 x 3.375 Inches, Assorted Colors, Pack of 24 (00748)","These self-laminating labels are designed to withstand wear and tear, sun and moisture and other harsh conditions, making them ideal for identifying items in warehouses, storage rooms, worksites, hospitals and classrooms",https://m.media-amazon.com/images/I/51m56yN0UzL._AC_.jpg,8,10,3,True,5,95,0,avery-self-laminating-id-labels,13,0
77,"Mead Academie 2-In-1 Pencil Sharpener and Eraser, 2.25 H x 1.25 W Inches, White (98032)",The Mead Academie 2-in 1 Sharpener and Eraser has a precision blade and an art eraser in one, https://images-na.ssl-images-amazon.com/images/I/31fvOslgv5L.jpg ,3,10,3,True,5,59,0,mead-academie-2-in-1-pencil-sharpener-and-eraser,9,7
78,"AVERY Thermal Printer File Folder Labels, 1/3 Cut, White, 130/Roll, 2 Rolls (4155)","Durable thermal labels are scratch-resistant, smudge-free and resist water, dirt, dust and grease", https://images-na.ssl-images-amazon.com/images/I/41IwgmKmk0L.jpg,10,10,3,True,5,13,0,avery-thermal-printer-file-folder-labels,1,3
79,"VELCRO Brand - Holiday ONE-WRAP Shapes - 12&quot; x 1/2&quot; Ties, 3ct - Bow",VELCRO Brand Holiday Ties add that extra festive touch to your decorating and gift wrapping, https://images-na.ssl-images-amazon.com/images/I/51JyOXDGJyL.jpg,13,10,3,True,5,96,0,velcro-brand-holiday-one-wrap-shapes,12,4
80,"Avery Ready Index Table of Contents Quarterly Dividers, 5-Tabs per Set, Quarter 1-4 and Annual (13153)",Get your quarterly and annual reports together fast with Ready Index(R) Table of Contents Quarterly Dividers, https://images-na.ssl-images-amazon.com/images/I/41PJaoWS9zL.jpg,5,10,3,True,5,57,0,avery-ready-index-table-of-contents-quarterly-dividers,18,5
81,"Avery Ready Index Table of Contents Dividers with Sub-Dividers, 5-Tabs per Set with A, B, and C Subsections for Each Numerical Tab (13154)",Get big projects organized fast with Ready Index(R) Table of Contents Dividers with Sub-Dividers., https://images-na.ssl-images-amazon.com/images/I/51Spa6vQv3L.jpg,8,10,3,True,5,98,0,avery-ready-index-table-of-contents-dividers-with-sub-dividers-5-tabs,16,1
82,"Avery Ready Index Table of Contents Dividers with Sub-Dividers, 8-Tabs per Set with A, B, and C Subsections for Each Numerical Tab (13155)",Get big projects organized quickly with Ready Index(R) Table of Contents Dividers with Sub-Dividers, https://images-na.ssl-images-amazon.com/images/I/41TkFJt4jvL.jpg,10,10,3,True,5,0,0,avery-ready-index-table-of-contents-dividers-with-sub-dividers-8-tabs,3,0
83,"Avery 5-Tab  Plastic Dividers with Pockets, Easy Print &amp; Apply Clear Label Strip, Index Maker, 1 Set (23120)",Quickly and easily organize your presentations and reference materials with these easy-to-personalize 5-tab dividers with pockets., https://images-na.ssl-images-amazon.com/images/I/41EaQoUoaNL.jpg,7,10,3,True,5,43,0,avery-5-tab-plastic-dividers-with-pockets,13,0
84,"Avery 8-Tab  Plastic Dividers with Pockets, Easy Print &amp; Apply Clear Label Strip, Index Maker, 1 Set (23121)",Quickly and easily organize your presentations and reference materials with these easy-to-personalize 8-tab dividers with pockets, https://images-na.ssl-images-amazon.com/images/I/41kZBGomEuL.jpg,9,10,3,True,5,56,0,avery 8-tab  plastic dividers with pockets,19,0
85,"Avery Ready Index Dividers for 2-Prong Classification Folders, Multicolor Side Tabs, 8-Tab Divider Set (13158)",Get your classification folders organized quickly and easily with these Ready Index Table of Contents 2-prong dividers for classification folders, https://images-na.ssl-images-amazon.com/images/I/41-nVbdQ%2BmL.jpg,5,10,3,True,5,34,0,avery-ready-index-dividers-for-2-prong-classification-folders-8-tab-divider-set,18,4
86,"Avery Ready Index Dividers for 2-Prong Classification Folders, Multicolor Side Tabs, 5-Tab Divider Set (13156)",Get your classification folders organized quickly and easily with these Ready Index Table of Contents 2-prong dividers for classification folders, https://images-na.ssl-images-amazon.com/images/I/419TI3oGDJL.jpg,3,10,3,True,5,11,0,avery-ready-index-dividers-for-2-prong-classification-folders-5-tab-divider-set,2,9
87,"Avery Write-On Dividers for 2-Prong Classification Folders, White, Narrow Bottom Tabs, 5-Tab Set (13164)",Get your classification folders organized quickly and easily with these Big Tab Write &amp, https://images-na.ssl-images-amazon.com/images/I/419mYXWhnfL.jpg,2,10,3,True,5,20,0,avery-write-on-dividers-for-2-prong-classification-folders,20,2
88,"Avery Snap-In Plastic Bookmark Dividers, 5 Tabs, 1 Set, Assorted Designs (24909)","These stylish Snap-In Plastic Bookmark Dividers are a fun way to divide, subdivide or bookmark a spot in your planner, binder or journal", https://images-na.ssl-images-amazon.com/images/I/41PdakjC%2BJL.jpg,2,10,3,True,5,85,0,avery-snap-in-plastic-bookmark-dividers,13,9
89,"Avery 5-Tab  Plastic Dividers with Pockets, Easy Print &amp; Apply Clear Label Strip, Index Maker, 1 Set (23120)","These stylish Snap-In Plastic Bookmark Dividers are a fun way to divide, subdivide or bookmark a spot in your planner, binder or journal", https://images-na.ssl-images-amazon.com/images/I/41PdakjC%2BJL.jpg,2,10,3,True,5,85,0,avery-snap-in-plastic-bookmark-dividers,13,9
